原字,类型,前加字,上加字,基字,下加字,再下加字,元音,后加字,再后加字
བསྒྲིགས,藏文字符,བ,ས,ྒ,ྲ,,ི,ག,ས
བསྒྱོད,藏文字符,བ,ས,ྒ,ྱ,,ོ,ད,
བསྒྱོན,藏文字符,བ,ས,ྒ,ྱ,,ོ,ན,
བསྒྱོབ,藏文字符,བ,ས,ྒ,ྱ,,ོ,བ,
བསྒྱོམ,藏文字符,བ,ས,ྒ,ྱ,,ོ,མ,
བསྒྱོར,藏文字符,བ,ས,ྒ,ྱ,,ོ,ར,
བསྒྱོལ,藏文字符,བ,ས,ྒ,ྱ,,ོ,ལ,
བསྒྱོས,藏文字符,བ,ས,ྒ,ྱ,,ོ,ས,
བསྐྲག,藏文字符,བ,ས,ྐ,ྲ,,,ག,
བསྐྲང,藏文字符,བ,ས,ྐ,ྲ,,,ང,
བསྐྲད,藏文字符,བ,ས,ྐ,ྲ,,,ད,
བསྐྲན,藏文字符,བ,ས,ྐ,ྲ,,,ན,
བསྐྲབ,藏文字符,བ,ས,ྐ,ྲ,,,བ,
བསྐྲམ,藏文字符,བ,ས,ྐ,ྲ,,,མ,
བསྐྲར,藏文字符,བ,ས,ྐ,ྲ,,,ར,
བསྐྲལ,藏文字符,བ,ས,ྐ,ྲ,,,ལ,
བསྐྲས,藏文字符,བ,ས,ྐ,ྲ,,,ས,
བསྐྲིག,藏文字符,བ,ས,ྐ,ྲ,,ི,ག,
བསྐྲིང,藏文字符,བ,ས,ྐ,ྲ,,ི,ང,
བསྐྲིད,藏文字符,བ,ས,ྐ,ྲ,,ི,ད,
བསྐྲིན,藏文字符,བ,ས,ྐ,ྲ,,ི,ན,
བསྐྲིབ,藏文字符,བ,ས,ྐ,ྲ,,ི,བ,
བསྐྲིམ,藏文字符,བ,ས,ྐ,ྲ,,ི,མ,
བསྐྲིར,藏文字符,བ,ས,ྐ,ྲ,,ི,ར,
བསྐྲིལ,藏文字符,བ,ས,ྐ,ྲ,,ི,ལ,
བསྐྲིས,藏文字符,བ,ས,ྐ,ྲ,,ི,ས,
བསྐྲུག,藏文字符,བ,ས,ྐ,ྲ,,ུ,ག,
བསྐྲུང,藏文字符,བ,ས,ྐ,ྲ,,ུ,ང,
བསྐྲུད,藏文字符,བ,ས,ྐ,ྲ,,ུ,ད,
བསྐྲུན,藏文字符,བ,ས,ྐ,ྲ,,ུ,ན,
བསྐྲུབ,藏文字符,བ,ས,ྐ,ྲ,,ུ,བ,
བསྐྲུམ,藏文字符,བ,ས,ྐ,ྲ,,ུ,མ,
བསྐྲུར,藏文字符,བ,ས,ྐ,ྲ,,ུ,ར,
བསྐྲུལ,藏文字符,བ,ས,ྐ,ྲ,,ུ,ལ,
བསྐྲུས,藏文字符,བ,ས,ྐ,ྲ,,ུ,ས,
བསྐྲེག,藏文字符,བ,ས,ྐ,ྲ,,ེ,ག,
བསྐྲེང,藏文字符,བ,ས,ྐ,ྲ,,ེ,ང,
བསྐྲེད,藏文字符,བ,ས,ྐ,ྲ,,ེ,ད,
བསྐྲེན,藏文字符,བ,ས,ྐ,ྲ,,ེ,ན,
བསྐྲེབ,藏文字符,བ,ས,ྐ,ྲ,,ེ,བ,
བསྐྲེམ,藏文字符,བ,ས,ྐ,ྲ,,ེ,མ,
བསྐྲེར,藏文字符,བ,ས,ྐ,ྲ,,ེ,ར,
བསྐྲེལ,藏文字符,བ,ས,ྐ,ྲ,,ེ,ལ,
བསྐྲེས,藏文字符,བ,ས,ྐ,ྲ,,ེ,ས,
བསྐྲོག,藏文字符,བ,ས,ྐ,ྲ,,ོ,ག,
བསྐྲོང,藏文字符,བ,ས,ྐ,ྲ,,ོ,ང,
བསྐྲོད,藏文字符,བ,ས,ྐ,ྲ,,ོ,ད,
བསྐྲོན,藏文字符,བ,ས,ྐ,ྲ,,ོ,ན,
བསྐྲོབ,藏文字符,བ,ས,ྐ,ྲ,,ོ,བ,
བསྐྲོམ,藏文字符,བ,ས,ྐ,ྲ,,ོ,མ,
བསྐྲོར,藏文字符,བ,ས,ྐ,ྲ,,ོ,ར,
བསྐྲོལ,藏文字符,བ,ས,ྐ,ྲ,,ོ,ལ,
བསྐྲོས,藏文字符,བ,ས,ྐ,ྲ,,ོ,ས,
བསྒྲག,藏文字符,བ,ས,ྒ,ྲ,,,ག,
བསྒྲང,藏文字符,བ,ས,ྒ,ྲ,,,ང,
བསྒྲད,藏文字符,བ,ས,ྒ,ྲ,,,ད,
བསྒྲན,藏文字符,བ,ས,ྒ,ྲ,,,ན,
བསྒྲབ,藏文字符,བ,ས,ྒ,ྲ,,,བ,
བསྒྲམ,藏文字符,བ,ས,ྒ,ྲ,,,མ,
བསྒྲར,藏文字符,བ,ས,ྒ,ྲ,,,ར,
བསྒྲལ,藏文字符,བ,ས,ྒ,ྲ,,,ལ,
བསྒྲས,藏文字符,བ,ས,ྒ,ྲ,,,ས,
བསྒྲིག,藏文字符,བ,ས,ྒ,ྲ,,ི,ག,
བསྒྲིང,藏文字符,བ,ས,ྒ,ྲ,,ི,ང,
བསྒྲིད,藏文字符,བ,ས,ྒ,ྲ,,ི,ད,
བསྒྲིན,藏文字符,བ,ས,ྒ,ྲ,,ི,ན,
བསྒྲིབ,藏文字符,བ,ས,ྒ,ྲ,,ི,བ,
བསྒྲིམ,藏文字符,བ,ས,ྒ,ྲ,,ི,མ,
བསྒྲིར,藏文字符,བ,ས,ྒ,ྲ,,ི,ར,
བསྒྲིལ,藏文字符,བ,ས,ྒ,ྲ,,ི,ལ,
བསྒྲིས,藏文字符,བ,ས,ྒ,ྲ,,ི,ས,
བསྒྲུག,藏文字符,བ,ས,ྒ,ྲ,,ུ,ག,
བསྒྲུང,藏文字符,བ,ས,ྒ,ྲ,,ུ,ང,
བསྒྲུད,藏文字符,བ,ས,ྒ,ྲ,,ུ,ད,
བསྒྲུན,藏文字符,བ,ས,ྒ,ྲ,,ུ,ན,
བསྒྲུབ,藏文字符,བ,ས,ྒ,ྲ,,ུ,བ,
བསྒྲུམ,藏文字符,བ,ས,ྒ,ྲ,,ུ,མ,
བསྒྲུར,藏文字符,བ,ས,ྒ,ྲ,,ུ,ར,
བསྒྲུལ,藏文字符,བ,ས,ྒ,ྲ,,ུ,ལ,
བསྒྲུས,藏文字符,བ,ས,ྒ,ྲ,,ུ,ས,
བསྒྲེག,藏文字符,བ,ས,ྒ,ྲ,,ེ,ག,
བསྒྲེང,藏文字符,བ,ས,ྒ,ྲ,,ེ,ང,
བསྒྲེད,藏文字符,བ,ས,ྒ,ྲ,,ེ,ད,
བསྒྲེན,藏文字符,བ,ས,ྒ,ྲ,,ེ,ན,
བསྒྲེབ,藏文字符,བ,ས,ྒ,ྲ,,ེ,བ,
བསྒྲེམ,藏文字符,བ,ས,ྒ,ྲ,,ེ,མ,
བསྒྲེར,藏文字符,བ,ས,ྒ,ྲ,,ེ,ར,
བསྒྲེལ,藏文字符,བ,ས,ྒ,ྲ,,ེ,ལ,
བསྒྲེས,藏文字符,བ,ས,ྒ,ྲ,,ེ,ས,
བསྒྲོག,藏文字符,བ,ས,ྒ,ྲ,,ོ,ག,
བསྒྲོང,藏文字符,བ,ས,ྒ,ྲ,,ོ,ང,
བསྒྲོད,藏文字符,བ,ས,ྒ,ྲ,,ོ,ད,
བསྒྲོན,藏文字符,བ,ས,ྒ,ྲ,,ོ,ན,
བསྒྲོབ,藏文字符,བ,ས,ྒ,ྲ,,ོ,བ,
བསྒྲོམ,藏文字符,བ,ས,ྒ,ྲ,,ོ,མ,
བསྒྲོར,藏文字符,བ,ས,ྒ,ྲ,,ོ,ར,
བསྒྲོལ,藏文字符,བ,ས,ྒ,ྲ,,ོ,ལ,
བསྒྲོས,藏文字符,བ,ས,ྒ,ྲ,,ོ,ས,
ཀྭག,藏文字符,,,ཀ,ྭ,,,ག,
ཀྭང,藏文字符,,,ཀ,ྭ,,,ང,
ཀྭད,藏文字符,,,ཀ,ྭ,,,ད,
ཀྭན,藏文字符,,,ཀ,ྭ,,,ན,
ཀྭབ,藏文字符,,,ཀ,ྭ,,,བ,
ཀྭམ,藏文字符,,,ཀ,ྭ,,,མ,
ཀྭར,藏文字符,,,ཀ,ྭ,,,ར,
ཀྭལ,藏文字符,,,ཀ,ྭ,,,ལ,
ཀྭས,藏文字符,,,ཀ,ྭ,,,ས,
ཀྭིག,藏文字符,,,ཀ,ྭ,,ི,ག,
ཀྭིང,藏文字符,,,ཀ,ྭ,,ི,ང,
ཀྭིད,藏文字符,,,ཀ,ྭ,,ི,ད,
ཀྭིན,藏文字符,,,ཀ,ྭ,,ི,ན,
ཀྭིབ,藏文字符,,,ཀ,ྭ,,ི,བ,
ཀྭིམ,藏文字符,,,ཀ,ྭ,,ི,མ,
ཀྭིར,藏文字符,,,ཀ,ྭ,,ི,ར,
ཀྭིལ,藏文字符,,,ཀ,ྭ,,ི,ལ,
ཀྭིས,藏文字符,,,ཀ,ྭ,,ི,ས,
ཀྭེབ,藏文字符,,,ཀ,ྭ,,ེ,བ,
ཀྭེམ,藏文字符,,,ཀ,ྭ,,ེ,མ,
ཀྭེར,藏文字符,,,ཀ,ྭ,,ེ,ར,
ཀྭེལ,藏文字符,,,ཀ,ྭ,,ེ,ལ,
ཀྭེས,藏文字符,,,ཀ,ྭ,,ེ,ས,
ཀྭོག,藏文字符,,,ཀ,ྭ,,ོ,ག,
ཀྭོང,藏文字符,,,ཀ,ྭ,,ོ,ང,
ཀྭོད,藏文字符,,,ཀ,ྭ,,ོ,ད,
ཀྭོན,藏文字符,,,ཀ,ྭ,,ོ,ན,
ཀྭོབ,藏文字符,,,ཀ,ྭ,,ོ,བ,
ཀྭོམ,藏文字符,,,ཀ,ྭ,,ོ,མ,
ཀྭོར,藏文字符,,,ཀ,ྭ,,ོ,ར,
ཀྭོལ,藏文字符,,,ཀ,ྭ,,ོ,ལ,
ཀྭོས,藏文字符,,,ཀ,ྭ,,ོ,ས,
ཁྭག,藏文字符,,,ཁ,ྭ,,,ག,
ཁྭང,藏文字符,,,ཁ,ྭ,,,ང,
ཁྭད,藏文字符,,,ཁ,ྭ,,,ད,
ཁྭན,藏文字符,,,ཁ,ྭ,,,ན,
ཁྭབ,藏文字符,,,ཁ,ྭ,,,བ,
ཁྭམ,藏文字符,,,ཁ,ྭ,,,མ,
ཁྭར,藏文字符,,,ཁ,ྭ,,,ར,
ཁྭལ,藏文字符,,,ཁ,ྭ,,,ལ,
ཁྭས,藏文字符,,,ཁ,ྭ,,,ས,
ཁྭིག,藏文字符,,,ཁ,ྭ,,ི,ག,
ཁྭིང,藏文字符,,,ཁ,ྭ,,ི,ང,
ཁྭིད,藏文字符,,,ཁ,ྭ,,ི,ད,
ཁྭིན,藏文字符,,,ཁ,ྭ,,ི,ན,
ཁྭིབ,藏文字符,,,ཁ,ྭ,,ི,བ,
ཁྭིམ,藏文字符,,,ཁ,ྭ,,ི,མ,
ཁྭིར,藏文字符,,,ཁ,ྭ,,ི,ར,
ཁྭིལ,藏文字符,,,ཁ,ྭ,,ི,ལ,
ཁྭིས,藏文字符,,,ཁ,ྭ,,ི,ས,
ཁྭུག,藏文字符,,,ཁ,ྭ,,ུ,ག,
ཁྭུང,藏文字符,,,ཁ,ྭ,,ུ,ང,
ཁྭུད,藏文字符,,,ཁ,ྭ,,ུ,ད,
ཁྭུན,藏文字符,,,ཁ,ྭ,,ུ,ན,
ཁྭུབ,藏文字符,,,ཁ,ྭ,,ུ,བ,
ཁྭུམ,藏文字符,,,ཁ,ྭ,,ུ,མ,
ཁྭུར,藏文字符,,,ཁ,ྭ,,ུ,ར,
ཁྭུལ,藏文字符,,,ཁ,ྭ,,ུ,ལ,
ཁྭུས,藏文字符,,,ཁ,ྭ,,ུ,ས,
ཁྭེག,藏文字符,,,ཁ,ྭ,,ེ,ག,
ཁྭེང,藏文字符,,,ཁ,ྭ,,ེ,ང,
ཁྭེད,藏文字符,,,ཁ,ྭ,,ེ,ད,
ཁྭེན,藏文字符,,,ཁ,ྭ,,ེ,ན,
ཁྭེབ,藏文字符,,,ཁ,ྭ,,ེ,བ,
ཁྭེམ,藏文字符,,,ཁ,ྭ,,ེ,མ,
ཁྭེར,藏文字符,,,ཁ,ྭ,,ེ,ར,
ཁྭེལ,藏文字符,,,ཁ,ྭ,,ེ,ལ,
ཁྭེས,藏文字符,,,ཁ,ྭ,,ེ,ས,
ཁྭོག,藏文字符,,,ཁ,ྭ,,ོ,ག,
ཁྭོང,藏文字符,,,ཁ,ྭ,,ོ,ང,
ཁྭོད,藏文字符,,,ཁ,ྭ,,ོ,ད,
ཁྭོན,藏文字符,,,ཁ,ྭ,,ོ,ན,
ཁྭོབ,藏文字符,,,ཁ,ྭ,,ོ,བ,
ཁྭོམ,藏文字符,,,ཁ,ྭ,,ོ,མ,
ཁྭོར,藏文字符,,,ཁ,ྭ,,ོ,ར,
ཁྭོལ,藏文字符,,,ཁ,ྭ,,ོ,ལ,
ཁྭོས,藏文字符,,,ཁ,ྭ,,ོ,ས,
གྭག,藏文字符,,,ག,ྭ,,,ག,
གྭང,藏文字符,,,ག,ྭ,,,ང,
གྭད,藏文字符,,,ག,ྭ,,,ད,
གྭན,藏文字符,,,ག,ྭ,,,ན,
གྭབ,藏文字符,,,ག,ྭ,,,བ,
གྭམ,藏文字符,,,ག,ྭ,,,མ,
གྭར,藏文字符,,,ག,ྭ,,,ར,
གྭལ,藏文字符,,,ག,ྭ,,,ལ,
གྭས,藏文字符,,,ག,ྭ,,,ས,
གྭིག,藏文字符,,,ག,ྭ,,ི,ག,
གྭིང,藏文字符,,,ག,ྭ,,ི,ང,
གྭིད,藏文字符,,,ག,ྭ,,ི,ད,
གྭིན,藏文字符,,,ག,ྭ,,ི,ན,
གྭིབ,藏文字符,,,ག,ྭ,,ི,བ,
གྭིམ,藏文字符,,,ག,ྭ,,ི,མ,
གྭིར,藏文字符,,,ག,ྭ,,ི,ར,
གྭིལ,藏文字符,,,ག,ྭ,,ི,ལ,
གྭིས,藏文字符,,,ག,ྭ,,ི,ས,
གྭུག,藏文字符,,,ག,ྭ,,ུ,ག,
གྭུང,藏文字符,,,ག,ྭ,,ུ,ང,
གྭུད,藏文字符,,,ག,ྭ,,ུ,ད,
གྭུན,藏文字符,,,ག,ྭ,,ུ,ན,
གྭུབ,藏文字符,,,ག,ྭ,,ུ,བ,
གྭུམ,藏文字符,,,ག,ྭ,,ུ,མ,
གྭུར,藏文字符,,,ག,ྭ,,ུ,ར,
གྭུལ,藏文字符,,,ག,ྭ,,ུ,ལ,
གྭུས,藏文字符,,,ག,ྭ,,ུ,ས,
གྭེག,藏文字符,,,ག,ྭ,,ེ,ག,
གྭེང,藏文字符,,,ག,ྭ,,ེ,ང,
གྭེད,藏文字符,,,ག,ྭ,,ེ,ད,
གྭེན,藏文字符,,,ག,ྭ,,ེ,ན,
གྭེབ,藏文字符,,,ག,ྭ,,ེ,བ,
གྭེམ,藏文字符,,,ག,ྭ,,ེ,མ,
གྭེར,藏文字符,,,ག,ྭ,,ེ,ར,
གྭེལ,藏文字符,,,ག,ྭ,,ེ,ལ,
གྭེས,藏文字符,,,ག,ྭ,,ེ,ས,
གྭོག,藏文字符,,,ག,ྭ,,ོ,ག,
གྭོང,藏文字符,,,ག,ྭ,,ོ,ང,
གྭོད,藏文字符,,,ག,ྭ,,ོ,ད,
གྭོན,藏文字符,,,ག,ྭ,,ོ,ན,
གྭོབ,藏文字符,,,ག,ྭ,,ོ,བ,
གྭོམ,藏文字符,,,ག,ྭ,,ོ,མ,
གྭོར,藏文字符,,,ག,ྭ,,ོ,ར,
གྭོལ,藏文字符,,,ག,ྭ,,ོ,ལ,
གྭོས,藏文字符,,,ག,ྭ,,ོ,ས,
ཉྭག,藏文字符,,,ཉ,ྭ,,,ག,
ཉྭང,藏文字符,,,ཉ,ྭ,,,ང,
ཉྭད,藏文字符,,,ཉ,ྭ,,,ད,
ཉྭན,藏文字符,,,ཉ,ྭ,,,ན,
ཉྭབ,藏文字符,,,ཉ,ྭ,,,བ,
ཚྭེག,藏文字符,,,ཚ,ྭ,,ེ,ག,
ཚྭེང,藏文字符,,,ཚ,ྭ,,ེ,ང,
ཚྭེད,藏文字符,,,ཚ,ྭ,,ེ,ད,
ཚྭེན,藏文字符,,,ཚ,ྭ,,ེ,ན,
ཚྭེབ,藏文字符,,,ཚ,ྭ,,ེ,བ,
ཚྭེམ,藏文字符,,,ཚ,ྭ,,ེ,མ,
ཚྭེར,藏文字符,,,ཚ,ྭ,,ེ,ར,
ཚྭེལ,藏文字符,,,ཚ,ྭ,,ེ,ལ,
ཚྭེས,藏文字符,,,ཚ,ྭ,,ེ,ས,
ཚྭོག,藏文字符,,,ཚ,ྭ,,ོ,ག,
ཚྭོང,藏文字符,,,ཚ,ྭ,,ོ,ང,
ཚྭོད,藏文字符,,,ཚ,ྭ,,ོ,ད,
ཚྭོན,藏文字符,,,ཚ,ྭ,,ོ,ན,
ཚྭོབ,藏文字符,,,ཚ,ྭ,,ོ,བ,
ཚྭོམ,藏文字符,,,ཚ,ྭ,,ོ,མ,
ཚྭོར,藏文字符,,,ཚ,ྭ,,ོ,ར,
ཚྭོལ,藏文字符,,,ཚ,ྭ,,ོ,ལ,
ཚྭོས,藏文字符,,,ཚ,ྭ,,ོ,ས,
ཞྭག,藏文字符,,,ཞ,ྭ,,,ག,
ཞྭང,藏文字符,,,ཞ,ྭ,,,ང,
ཞྭད,藏文字符,,,ཞ,ྭ,,,ད,
ཞྭན,藏文字符,,,ཞ,ྭ,,,ན,
ཞྭབ,藏文字符,,,ཞ,ྭ,,,བ,
ཞྭམ,藏文字符,,,ཞ,ྭ,,,མ,
ཞྭར,藏文字符,,,ཞ,ྭ,,,ར,
ཞྭལ,藏文字符,,,ཞ,ྭ,,,ལ,
ཞྭས,藏文字符,,,ཞ,ྭ,,,ས,
ཞྭིག,藏文字符,,,ཞ,ྭ,,ི,ག,
ཞྭིང,藏文字符,,,ཞ,ྭ,,ི,ང,
ཞྭིད,藏文字符,,,ཞ,ྭ,,ི,ད,
ཞྭིན,藏文字符,,,ཞ,ྭ,,ི,ན,
ཞྭིབ,藏文字符,,,ཞ,ྭ,,ི,བ,
ཞྭིམ,藏文字符,,,ཞ,ྭ,,ི,མ,
ཞྭིར,藏文字符,,,ཞ,ྭ,,ི,ར,
ཞྭིལ,藏文字符,,,ཞ,ྭ,,ི,ལ,
ཞྭིས,藏文字符,,,ཞ,ྭ,,ི,ས,
ཞྭེག,藏文字符,,,ཞ,ྭ,,ེ,ག,
ཞྭེང,藏文字符,,,ཞ,ྭ,,ེ,ང,
ཞྭེད,藏文字符,,,ཞ,ྭ,,ེ,ད,
ཞྭེན,藏文字符,,,ཞ,ྭ,,ེ,ན,
ཞྭེབ,藏文字符,,,ཞ,ྭ,,ེ,བ,
ཞྭེམ,藏文字符,,,ཞ,ྭ,,ེ,མ,
ཞྭེར,藏文字符,,,ཞ,ྭ,,ེ,ར,
ཞྭེལ,藏文字符,,,ཞ,ྭ,,ེ,ལ,
ཞྭེས,藏文字符,,,ཞ,ྭ,,ེ,ས,
ཞྭོག,藏文字符,,,ཞ,ྭ,,ོ,ག,
ཞྭོང,藏文字符,,,ཞ,ྭ,,ོ,ང,
ཞྭོད,藏文字符,,,ཞ,ྭ,,ོ,ད,
ཞྭོན,藏文字符,,,ཞ,ྭ,,ོ,ན,
ཞྭོབ,藏文字符,,,ཞ,ྭ,,ོ,བ,
ཞྭོམ,藏文字符,,,ཞ,ྭ,,ོ,མ,
ཞྭོར,藏文字符,,,ཞ,ྭ,,ོ,ར,
ཞྭོལ,藏文字符,,,ཞ,ྭ,,ོ,ལ,
ཞྭོས,藏文字符,,,ཞ,ྭ,,ོ,ས,
ཟྭག,藏文字符,,,ཟ,ྭ,,,ག,
ཟྭང,藏文字符,,,ཟ,ྭ,,,ང,
ཟྭད,藏文字符,,,ཟ,ྭ,,,ད,
ཟྭན,藏文字符,,,ཟ,ྭ,,,ན,
ཟྭབ,藏文字符,,,ཟ,ྭ,,,བ,
ཟྭམ,藏文字符,,,ཟ,ྭ,,,མ,
ཟྭར,藏文字符,,,ཟ,ྭ,,,ར,
ཟྭལ,藏文字符,,,ཟ,ྭ,,,ལ,
ཟྭས,藏文字符,,,ཟ,ྭ,,,ས,
ཟྭིག,藏文字符,,,ཟ,ྭ,,ི,ག,
ཟྭིང,藏文字符,,,ཟ,ྭ,,ི,ང,
ཟྭིད,藏文字符,,,ཟ,ྭ,,ི,ད,
ཟྭིན,藏文字符,,,ཟ,ྭ,,ི,ན,
ཟྭིབ,藏文字符,,,ཟ,ྭ,,ི,བ,
ཟྭིམ,藏文字符,,,ཟ,ྭ,,ི,མ,
ཟྭིར,藏文字符,,,ཟ,ྭ,,ི,ར,
ཟྭིལ,藏文字符,,,ཟ,ྭ,,ི,ལ,
ཟྭིས,藏文字符,,,ཟ,ྭ,,ི,ས,
ཟྭུག,藏文字符,,,ཟ,ྭ,,ུ,ག,
ཟྭུང,藏文字符,,,ཟ,ྭ,,ུ,ང,
ཟྭུད,藏文字符,,,ཟ,ྭ,,ུ,ད,
ཟྭུན,藏文字符,,,ཟ,ྭ,,ུ,ན,
ཟྭུབ,藏文字符,,,ཟ,ྭ,,ུ,བ,
ཟྭུམ,藏文字符,,,ཟ,ྭ,,ུ,མ,
ཟྭུར,藏文字符,,,ཟ,ྭ,,ུ,ར,
ཟྭུལ,藏文字符,,,ཟ,ྭ,,ུ,ལ,
ཟྭུས,藏文字符,,,ཟ,ྭ,,ུ,ས,
ཟྭེག,藏文字符,,,ཟ,ྭ,,ེ,ག,
ཟྭེང,藏文字符,,,ཟ,ྭ,,ེ,ང,
ཟྭེད,藏文字符,,,ཟ,ྭ,,ེ,ད,
ཟྭེན,藏文字符,,,ཟ,ྭ,,ེ,ན,
ཟྭེབ,藏文字符,,,ཟ,ྭ,,ེ,བ,
ཟྭེམ,藏文字符,,,ཟ,ྭ,,ེ,མ,
ཟྭེར,藏文字符,,,ཟ,ྭ,,ེ,ར,
ཟྭེལ,藏文字符,,,ཟ,ྭ,,ེ,ལ,
ཟྭེས,藏文字符,,,ཟ,ྭ,,ེ,ས,
ཟྭོག,藏文字符,,,ཟ,ྭ,,ོ,ག,
ཟྭོང,藏文字符,,,ཟ,ྭ,,ོ,ང,
ཟྭོད,藏文字符,,,ཟ,ྭ,,ོ,ད,
ཟྭོན,藏文字符,,,ཟ,ྭ,,ོ,ན,
ཟྭོབ,藏文字符,,,ཟ,ྭ,,ོ,བ,
ཟྭོམ,藏文字符,,,ཟ,ྭ,,ོ,མ,
ཟྭོར,藏文字符,,,ཟ,ྭ,,ོ,ར,
ཟྭོལ,藏文字符,,,ཟ,ྭ,,ོ,ལ,
ཟྭོས,藏文字符,,,ཟ,ྭ,,ོ,ས,
རྭག,藏文字符,,,ར,ྭ,,,ག,
རྭང,藏文字符,,,ར,ྭ,,,ང,
རྭད,藏文字符,,,ར,ྭ,,,ད,
རྭན,藏文字符,,,ར,ྭ,,,ན,
རྭབ,藏文字符,,,ར,ྭ,,,བ,
རྭམ,藏文字符,,,ར,ྭ,,,མ,
རྭར,藏文字符,,,ར,ྭ,,,ར,
རྭལ,藏文字符,,,ར,ྭ,,,ལ,
རྭས,藏文字符,,,ར,ྭ,,,ས,
རྭིག,藏文字符,,,ར,ྭ,,ི,ག,
རྭིང,藏文字符,,,ར,ྭ,,ི,ང,
རྭིད,藏文字符,,,ར,ྭ,,ི,ད,
རྭིན,藏文字符,,,ར,ྭ,,ི,ན,
རྭིབ,藏文字符,,,ར,ྭ,,ི,བ,
རྭིམ,藏文字符,,,ར,ྭ,,ི,མ,
རྭིར,藏文字符,,,ར,ྭ,,ི,ར,
རྭིལ,藏文字符,,,ར,ྭ,,ི,ལ,
རྭིས,藏文字符,,,ར,ྭ,,ི,ས,
རྭུག,藏文字符,,,ར,ྭ,,ུ,ག,
རྭུང,藏文字符,,,ར,ྭ,,ུ,ང,
རྭུད,藏文字符,,,ར,ྭ,,ུ,ད,
རྭུན,藏文字符,,,ར,ྭ,,ུ,ན,
རྭུབ,藏文字符,,,ར,ྭ,,ུ,བ,
རྭུམ,藏文字符,,,ར,ྭ,,ུ,མ,
རྭུར,藏文字符,,,ར,ྭ,,ུ,ར,
རྭུལ,藏文字符,,,ར,ྭ,,ུ,ལ,
རྭུས,藏文字符,,,ར,ྭ,,ུ,ས,
རྭེག,藏文字符,,,ར,ྭ,,ེ,ག,
རྭེང,藏文字符,,,ར,ྭ,,ེ,ང,
རྭེད,藏文字符,,,ར,ྭ,,ེ,ད,
རྭེན,藏文字符,,,ར,ྭ,,ེ,ན,
རྭེབ,藏文字符,,,ར,ྭ,,ེ,བ,
རྭེམ,藏文字符,,,ར,ྭ,,ེ,མ,
རྭེར,藏文字符,,,ར,ྭ,,ེ,ར,
རྭེལ,藏文字符,,,ར,ྭ,,ེ,ལ,
རྭེས,藏文字符,,,ར,ྭ,,ེ,ས,
རྭོག,藏文字符,,,ར,ྭ,,ོ,ག,
རྭོང,藏文字符,,,ར,ྭ,,ོ,ང,
རྭོད,藏文字符,,,ར,ྭ,,ོ,ད,
རྭོན,藏文字符,,,ར,ྭ,,ོ,ན,
རྭོབ,藏文字符,,,ར,ྭ,,ོ,བ,
རྭོམ,藏文字符,,,ར,ྭ,,ོ,མ,
རྭོར,藏文字符,,,ར,ྭ,,ོ,ར,
རྭོལ,藏文字符,,,ར,ྭ,,ོ,ལ,
རྭོས,藏文字符,,,ར,ྭ,,ོ,ས,
ལྭག,藏文字符,,,ལ,ྭ,,,ག,
ལྭང,藏文字符,,,ལ,ྭ,,,ང,
ལྭད,藏文字符,,,ལ,ྭ,,,ད,
ལྭན,藏文字符,,,ལ,ྭ,,,ན,
ལྭབ,藏文字符,,,ལ,ྭ,,,བ,
ལྭམ,藏文字符,,,ལ,ྭ,,,མ,
ལྭར,藏文字符,,,ལ,ྭ,,,ར,
ལྭལ,藏文字符,,,ལ,ྭ,,,ལ,
ལྭས,藏文字符,,,ལ,ྭ,,,ས,
ལྭིག,藏文字符,,,ལ,ྭ,,ི,ག,
ལྭིང,藏文字符,,,ལ,ྭ,,ི,ང,
ལྭིད,藏文字符,,,ལ,ྭ,,ི,ད,
ལྭིན,藏文字符,,,ལ,ྭ,,ི,ན,
ལྭིབ,藏文字符,,,ལ,ྭ,,ི,བ,
ལྭིམ,藏文字符,,,ལ,ྭ,,ི,མ,
ལྭིར,藏文字符,,,ལ,ྭ,,ི,ར,
ལྭིལ,藏文字符,,,ལ,ྭ,,ི,ལ,
ལྭིས,藏文字符,,,ལ,ྭ,,ི,ས,
ལྭུག,藏文字符,,,ལ,ྭ,,ུ,ག,
ལྭུང,藏文字符,,,ལ,ྭ,,ུ,ང,
ལྭུད,藏文字符,,,ལ,ྭ,,ུ,ད,
ལྭུན,藏文字符,,,ལ,ྭ,,ུ,ན,
ལྭུབ,藏文字符,,,ལ,ྭ,,ུ,བ,
ལྭུམ,藏文字符,,,ལ,ྭ,,ུ,མ,
ལྭུར,藏文字符,,,ལ,ྭ,,ུ,ར,
ལྭུལ,藏文字符,,,ལ,ྭ,,ུ,ལ,
ལྭུས,藏文字符,,,ལ,ྭ,,ུ,ས,
ལྭེག,藏文字符,,,ལ,ྭ,,ེ,ག,
ལྭེང,藏文字符,,,ལ,ྭ,,ེ,ང,
ལྭེད,藏文字符,,,ལ,ྭ,,ེ,ད,
ལྭེན,藏文字符,,,ལ,ྭ,,ེ,ན,
ལྭེབ,藏文字符,,,ལ,ྭ,,ེ,བ,
ལྭེམ,藏文字符,,,ལ,ྭ,,ེ,མ,
ལྭེར,藏文字符,,,ལ,ྭ,,ེ,ར,
ལྭེལ,藏文字符,,,ལ,ྭ,,ེ,ལ,
ལྭེས,藏文字符,,,ལ,ྭ,,ེ,ས,
ལྭོག,藏文字符,,,ལ,ྭ,,ོ,ག,
ལྭོང,藏文字符,,,ལ,ྭ,,ོ,ང,
ལྭོད,藏文字符,,,ལ,ྭ,,ོ,ད,
ལྭོན,藏文字符,,,ལ,ྭ,,ོ,ན,
ལྭོབ,藏文字符,,,ལ,ྭ,,ོ,བ,
ལྭོམ,藏文字符,,,ལ,ྭ,,ོ,མ,
ལྭོར,藏文字符,,,ལ,ྭ,,ོ,ར,
ལྭོལ,藏文字符,,,ལ,ྭ,,ོ,ལ,
ལྭོས,藏文字符,,,ལ,ྭ,,ོ,ས,
ཤྭག,藏文字符,,,ཤ,ྭ,,,ག,
ཤྭང,藏文字符,,,ཤ,ྭ,,,ང,
ཤྭད,藏文字符,,,ཤ,ྭ,,,ད,
ཤྭན,藏文字符,,,ཤ,ྭ,,,ན,
ཤྭབ,藏文字符,,,ཤ,ྭ,,,བ,
ཤྭམ,藏文字符,,,ཤ,ྭ,,,མ,
ཤྭར,藏文字符,,,ཤ,ྭ,,,ར,
ཤྭལ,藏文字符,,,ཤ,ྭ,,,ལ,
ཤྭས,藏文字符,,,ཤ,ྭ,,,ས,
ཤྭིག,藏文字符,,,ཤ,ྭ,,ི,ག,
ཤྭིང,藏文字符,,,ཤ,ྭ,,ི,ང,
ཤྭིད,藏文字符,,,ཤ,ྭ,,ི,ད,
ཤྭིན,藏文字符,,,ཤ,ྭ,,ི,ན,
ཤྭིབ,藏文字符,,,ཤ,ྭ,,ི,བ,
ཤྭིམ,藏文字符,,,ཤ,ྭ,,ི,མ,
ཤྭིར,藏文字符,,,ཤ,ྭ,,ི,ར,
ཤྭིལ,藏文字符,,,ཤ,ྭ,,ི,ལ,
ཤྭིས,藏文字符,,,ཤ,ྭ,,ི,ས,
ཤྭུག,藏文字符,,,ཤ,ྭ,,ུ,ག,
ཤྭུང,藏文字符,,,ཤ,ྭ,,ུ,ང,
ཤྭུད,藏文字符,,,ཤ,ྭ,,ུ,ད,
ཤྭུན,藏文字符,,,ཤ,ྭ,,ུ,ན,
ཤྭུབ,藏文字符,,,ཤ,ྭ,,ུ,བ,
ཤྭུམ,藏文字符,,,ཤ,ྭ,,ུ,མ,
ཤྭུར,藏文字符,,,ཤ,ྭ,,ུ,ར,
ཤྭུལ,藏文字符,,,ཤ,ྭ,,ུ,ལ,
ཤྭུས,藏文字符,,,ཤ,ྭ,,ུ,ས,
ཤྭེག,藏文字符,,,ཤ,ྭ,,ེ,ག,
ཤྭེང,藏文字符,,,ཤ,ྭ,,ེ,ང,
ཤྭེད,藏文字符,,,ཤ,ྭ,,ེ,ད,
ཤྭེན,藏文字符,,,ཤ,ྭ,,ེ,ན,
ཤྭེབ,藏文字符,,,ཤ,ྭ,,ེ,བ,
ཤྭེམ,藏文字符,,,ཤ,ྭ,,ེ,མ,
ཤྭེར,藏文字符,,,ཤ,ྭ,,ེ,ར,
ཤྭེལ,藏文字符,,,ཤ,ྭ,,ེ,ལ,
ཤྭེས,藏文字符,,,ཤ,ྭ,,ེ,ས,
ཤྭོག,藏文字符,,,ཤ,ྭ,,ོ,ག,
ཤྭོང,藏文字符,,,ཤ,ྭ,,ོ,ང,
ཤྭོད,藏文字符,,,ཤ,ྭ,,ོ,ད,
ཤྭོན,藏文字符,,,ཤ,ྭ,,ོ,ན,
ཤྭོབ,藏文字符,,,ཤ,ྭ,,ོ,བ,
ཤྭོམ,藏文字符,,,ཤ,ྭ,,ོ,མ,
ཤྭོར,藏文字符,,,ཤ,ྭ,,ོ,ར,
ཤྭོལ,藏文字符,,,ཤ,ྭ,,ོ,ལ,
ཤྭོས,藏文字符,,,ཤ,ྭ,,ོ,ས,
ཧྭག,藏文字符,,,ཧ,ྭ,,,ག,
ཧྭང,藏文字符,,,ཧ,ྭ,,,ང,
ཧྭད,藏文字符,,,ཧ,ྭ,,,ད,
ཧྭན,藏文字符,,,ཧ,ྭ,,,ན,
ཧྭབ,藏文字符,,,ཧ,ྭ,,,བ,
ཧྭམ,藏文字符,,,ཧ,ྭ,,,མ,
ཧྭར,藏文字符,,,ཧ,ྭ,,,ར,
ཧྭལ,藏文字符,,,ཧ,ྭ,,,ལ,
ཧྭས,藏文字符,,,ཧ,ྭ,,,ས,
ཧྭིག,藏文字符,,,ཧ,ྭ,,ི,ག,
ཧྭིང,藏文字符,,,ཧ,ྭ,,ི,ང,
ཧྭིད,藏文字符,,,ཧ,ྭ,,ི,ད,
ཧྭིན,藏文字符,,,ཧ,ྭ,,ི,ན,
ཧྭིབ,藏文字符,,,ཧ,ྭ,,ི,བ,
ཧྭིམ,藏文字符,,,ཧ,ྭ,,ི,མ,
ཧྭིར,藏文字符,,,ཧ,ྭ,,ི,ར,
ཧྭིལ,藏文字符,,,ཧ,ྭ,,ི,ལ,
ཧྭིས,藏文字符,,,ཧ,ྭ,,ི,ས,
ཧྭུག,藏文字符,,,ཧ,ྭ,,ུ,ག,
ཧྭུང,藏文字符,,,ཧ,ྭ,,ུ,ང,
ཧྭུད,藏文字符,,,ཧ,ྭ,,ུ,ད,
ཧྭུན,藏文字符,,,ཧ,ྭ,,ུ,ན,
ཧྭུབ,藏文字符,,,ཧ,ྭ,,ུ,བ,
ཧྭུམ,藏文字符,,,ཧ,ྭ,,ུ,མ,
ཧྭུར,藏文字符,,,ཧ,ྭ,,ུ,ར,
ཧྭུལ,藏文字符,,,ཧ,ྭ,,ུ,ལ,
ཧྭུས,藏文字符,,,ཧ,ྭ,,ུ,ས,
ཧྭེག,藏文字符,,,ཧ,ྭ,,ེ,ག,
ཧྭེང,藏文字符,,,ཧ,ྭ,,ེ,ང,
ཧྭེད,藏文字符,,,ཧ,ྭ,,ེ,ད,
ཧྭེན,藏文字符,,,ཧ,ྭ,,ེ,ན,
ཧྭེབ,藏文字符,,,ཧ,ྭ,,ེ,བ,
ཧྭེམ,藏文字符,,,ཧ,ྭ,,ེ,མ,
ཧྭེར,藏文字符,,,ཧ,ྭ,,ེ,ར,
ཧྭེལ,藏文字符,,,ཧ,ྭ,,ེ,ལ,
ཧྭེས,藏文字符,,,ཧ,ྭ,,ེ,ས,
ཧྭོག,藏文字符,,,ཧ,ྭ,,ོ,ག,
ཧྭོང,藏文字符,,,ཧ,ྭ,,ོ,ང,
ཧྭོད,藏文字符,,,ཧ,ྭ,,ོ,ད,
ཧྭོན,藏文字符,,,ཧ,ྭ,,ོ,ན,
ཧྭོབ,藏文字符,,,ཧ,ྭ,,ོ,བ,
ཧྭོམ,藏文字符,,,ཧ,ྭ,,ོ,མ,
ཧྭོར,藏文字符,,,ཧ,ྭ,,ོ,ར,
ཧྭོལ,藏文字符,,,ཧ,ྭ,,ོ,ལ,
ཧྭོས,藏文字符,,,ཧ,ྭ,,ོ,ས,
རྩྭག,藏文字符,,ར,ྩ,ྭ,,,ག,
རྩྭང,藏文字符,,ར,ྩ,ྭ,,,ང,
རྩྭད,藏文字符,,ར,ྩ,ྭ,,,ད,
རྩྭན,藏文字符,,ར,ྩ,ྭ,,,ན,
རྩྭབ,藏文字符,,ར,ྩ,ྭ,,,བ,
རྩྭམ,藏文字符,,ར,ྩ,ྭ,,,མ,
རྩྭར,藏文字符,,ར,ྩ,ྭ,,,ར,
རྩྭལ,藏文字符,,ར,ྩ,ྭ,,,ལ,
རྩྭས,藏文字符,,ར,ྩ,ྭ,,,ས,
རྩྭིག,藏文字符,,ར,ྩ,ྭ,,ི,ག,
རྩྭིང,藏文字符,,ར,ྩ,ྭ,,ི,ང,
རྩྭིད,藏文字符,,ར,ྩ,ྭ,,ི,ད,
རྩྭིན,藏文字符,,ར,ྩ,ྭ,,ི,ན,
རྩྭིབ,藏文字符,,ར,ྩ,ྭ,,ི,བ,
རྩྭིམ,藏文字符,,ར,ྩ,ྭ,,ི,མ,
རྩྭིར,藏文字符,,ར,ྩ,ྭ,,ི,ར,
རྩྭིལ,藏文字符,,ར,ྩ,ྭ,,ི,ལ,
རྩྭིས,藏文字符,,ར,ྩ,ྭ,,ི,ས,
རྩྭུག,藏文字符,,ར,ྩ,ྭ,,ུ,ག,
རྩྭུང,藏文字符,,ར,ྩ,ྭ,,ུ,ང,
རྩྭུད,藏文字符,,ར,ྩ,ྭ,,ུ,ད,
རྩྭུན,藏文字符,,ར,ྩ,ྭ,,ུ,ན,
རྩྭུབ,藏文字符,,ར,ྩ,ྭ,,ུ,བ,
རྩྭུམ,藏文字符,,ར,ྩ,ྭ,,ུ,མ,
རྩྭུར,藏文字符,,ར,ྩ,ྭ,,ུ,ར,
རྩྭུལ,藏文字符,,ར,ྩ,ྭ,,ུ,ལ,
རྩྭུས,藏文字符,,ར,ྩ,ྭ,,ུ,ས,
རྩྭེག,藏文字符,,ར,ྩ,ྭ,,ེ,ག,
རྩྭེང,藏文字符,,ར,ྩ,ྭ,,ེ,ང,
རྩྭེད,藏文字符,,ར,ྩ,ྭ,,ེ,ད,
རྩྭེན,藏文字符,,ར,ྩ,ྭ,,ེ,ན,
རྩྭེབ,藏文字符,,ར,ྩ,ྭ,,ེ,བ,
རྩྭེམ,藏文字符,,ར,ྩ,ྭ,,ེ,མ,
རྩྭེར,藏文字符,,ར,ྩ,ྭ,,ེ,ར,
རྩྭེལ,藏文字符,,ར,ྩ,ྭ,,ེ,ལ,
རྩྭེས,藏文字符,,ར,ྩ,ྭ,,ེ,ས,
རྩྭོག,藏文字符,,ར,ྩ,ྭ,,ོ,ག,
རྩྭོང,藏文字符,,ར,ྩ,ྭ,,ོ,ང,
རྩྭོད,藏文字符,,ར,ྩ,ྭ,,ོ,ད,
རྩྭོན,藏文字符,,ར,ྩ,ྭ,,ོ,ན,
རྩྭོབ,藏文字符,,ར,ྩ,ྭ,,ོ,བ,
རྩྭོམ,藏文字符,,ར,ྩ,ྭ,,ོ,མ,
རྩྭོར,藏文字符,,ར,ྩ,ྭ,,ོ,ར,
རྩྭོལ,藏文字符,,ར,ྩ,ྭ,,ོ,ལ,
རྩྭོས,藏文字符,,ར,ྩ,ྭ,,ོ,ས,
གྲྭག,藏文字符,,,ག,ྲ,ྭ,,ག,
གྲྭང,藏文字符,,,ག,ྲ,ྭ,,ང,
གྲྭད,藏文字符,,,ག,ྲ,ྭ,,ད,
གྲྭན,藏文字符,,,ག,ྲ,ྭ,,ན,
གྲྭབ,藏文字符,,,ག,ྲ,ྭ,,བ,
གྲྭམ,藏文字符,,,ག,ྲ,ྭ,,མ,
གྲྭར,藏文字符,,,ག,ྲ,ྭ,,ར,
གྲྭལ,藏文字符,,,ག,ྲ,ྭ,,ལ,
གྲྭས,藏文字符,,,ག,ྲ,ྭ,,ས,
གྲྭིག,藏文字符,,,ག,ྲ,ྭ,ི,ག,
གྲྭིང,藏文字符,,,ག,ྲ,ྭ,ི,ང,
གྲྭིད,藏文字符,,,ག,ྲ,ྭ,ི,ད,
གྲྭིན,藏文字符,,,ག,ྲ,ྭ,ི,ན,
གྲྭིབ,藏文字符,,,ག,ྲ,ྭ,ི,བ,
གྲྭིམ,藏文字符,,,ག,ྲ,ྭ,ི,མ,
གྲྭིར,藏文字符,,,ག,ྲ,ྭ,ི,ར,
གྲྭིལ,藏文字符,,,ག,ྲ,ྭ,ི,ལ,
གྲྭིས,藏文字符,,,ག,ྲ,ྭ,ི,ས,
གྲྭུག,藏文字符,,,ག,ྲ,ྭ,ུ,ག,
གྲྭུང,藏文字符,,,ག,ྲ,ྭ,ུ,ང,
གྲྭུད,藏文字符,,,ག,ྲ,ྭ,ུ,ད,
གྲྭུན,藏文字符,,,ག,ྲ,ྭ,ུ,ན,
གྲྭུབ,藏文字符,,,ག,ྲ,ྭ,ུ,བ,
གྲྭུམ,藏文字符,,,ག,ྲ,ྭ,ུ,མ,
གྲྭུར,藏文字符,,,ག,ྲ,ྭ,ུ,ར,
གྲྭུལ,藏文字符,,,ག,ྲ,ྭ,ུ,ལ,
གྲྭུས,藏文字符,,,ག,ྲ,ྭ,ུ,ས,
གྲྭེག,藏文字符,,,ག,ྲ,ྭ,ེ,ག,
གྲྭེང,藏文字符,,,ག,ྲ,ྭ,ེ,ང,
གྲྭེད,藏文字符,,,ག,ྲ,ྭ,ེ,ད,
གྲྭེན,藏文字符,,,ག,ྲ,ྭ,ེ,ན,
གྲྭེབ,藏文字符,,,ག,ྲ,ྭ,ེ,བ,
གྲྭེམ,藏文字符,,,ག,ྲ,ྭ,ེ,མ,
གྲྭེར,藏文字符,,,ག,ྲ,ྭ,ེ,ར,
གྲྭེལ,藏文字符,,,ག,ྲ,ྭ,ེ,ལ,
གྲྭེས,藏文字符,,,ག,ྲ,ྭ,ེ,ས,
གྲྭོག,藏文字符,,,ག,ྲ,ྭ,ོ,ག,
གྲྭོང,藏文字符,,,ག,ྲ,ྭ,ོ,ང,
གྲྭོད,藏文字符,,,ག,ྲ,ྭ,ོ,ད,
གྲྭོན,藏文字符,,,ག,ྲ,ྭ,ོ,ན,
གྲྭོབ,藏文字符,,,ག,ྲ,ྭ,ོ,བ,
གྲྭོམ,藏文字符,,,ག,ྲ,ྭ,ོ,མ,
གྲྭོར,藏文字符,,,ག,ྲ,ྭ,ོ,ར,
གྲྭོལ,藏文字符,,,ག,ྲ,ྭ,ོ,ལ,
གྲྭོས,藏文字符,,,ག,ྲ,ྭ,ོ,ས,
ཕྱྭག,藏文字符,,,ཕ,ྱ,ྭ,,ག,
ཕྱྭང,藏文字符,,,ཕ,ྱ,ྭ,,ང,
ཕྱྭད,藏文字符,,,ཕ,ྱ,ྭ,,ད,
ཕྱྭན,藏文字符,,,ཕ,ྱ,ྭ,,ན,
ཕྱྭབ,藏文字符,,,ཕ,ྱ,ྭ,,བ,
ཕྱྭམ,藏文字符,,,ཕ,ྱ,ྭ,,མ,
ཕྱྭར,藏文字符,,,ཕ,ྱ,ྭ,,ར,
ཕྱྭལ,藏文字符,,,ཕ,ྱ,ྭ,,ལ,
ཕྱྭས,藏文字符,,,ཕ,ྱ,ྭ,,ས,
ཕྱྭིག,藏文字符,,,ཕ,ྱ,ྭ,ི,ག,
ཕྱྭིང,藏文字符,,,ཕ,ྱ,ྭ,ི,ང,
ཕྱྭིད,藏文字符,,,ཕ,ྱ,ྭ,ི,ད,
ཕྱྭིན,藏文字符,,,ཕ,ྱ,ྭ,ི,ན,
ཕྱྭིབ,藏文字符,,,ཕ,ྱ,ྭ,ི,བ,
ཕྱྭིམ,藏文字符,,,ཕ,ྱ,ྭ,ི,མ,
ཕྱྭིར,藏文字符,,,ཕ,ྱ,ྭ,ི,ར,
ཕྱྭིལ,藏文字符,,,ཕ,ྱ,ྭ,ི,ལ,
ཕྱྭིས,藏文字符,,,ཕ,ྱ,ྭ,ི,ས,
ཕྱྭུག,藏文字符,,,ཕ,ྱ,ྭ,ུ,ག,
ཕྱྭུང,藏文字符,,,ཕ,ྱ,ྭ,ུ,ང,
ཕྱྭུད,藏文字符,,,ཕ,ྱ,ྭ,ུ,ད,
ཕྱྭུན,藏文字符,,,ཕ,ྱ,ྭ,ུ,ན,
ཕྱྭུབ,藏文字符,,,ཕ,ྱ,ྭ,ུ,བ,
ཕྱྭུམ,藏文字符,,,ཕ,ྱ,ྭ,ུ,མ,
ཕྱྭུར,藏文字符,,,ཕ,ྱ,ྭ,ུ,ར,
ཕྱྭུལ,藏文字符,,,ཕ,ྱ,ྭ,ུ,ལ,
ཕྱྭུས,藏文字符,,,ཕ,ྱ,ྭ,ུ,ས,
ཕྱྭེག,藏文字符,,,ཕ,ྱ,ྭ,ེ,ག,
ཕྱྭེང,藏文字符,,,ཕ,ྱ,ྭ,ེ,ང,
ཕྱྭེད,藏文字符,,,ཕ,ྱ,ྭ,ེ,ད,
ཕྱྭེན,藏文字符,,,ཕ,ྱ,ྭ,ེ,ན,
ཕྱྭེབ,藏文字符,,,ཕ,ྱ,ྭ,ེ,བ,
ཕྱྭེམ,藏文字符,,,ཕ,ྱ,ྭ,ེ,མ,
ཕྱྭེར,藏文字符,,,ཕ,ྱ,ྭ,ེ,ར,
ཕྱྭེལ,藏文字符,,,ཕ,ྱ,ྭ,ེ,ལ,
ཕྱྭེས,藏文字符,,,ཕ,ྱ,ྭ,ེ,ས,
ཕྱྭོག,藏文字符,,,ཕ,ྱ,ྭ,ོ,ག,
ཕྱྭོང,藏文字符,,,ཕ,ྱ,ྭ,ོ,ང,
ཕྱྭོད,藏文字符,,,ཕ,ྱ,ྭ,ོ,ད,
ཕྱྭོན,藏文字符,,,ཕ,ྱ,ྭ,ོ,ན,
ཕྱྭོབ,藏文字符,,,ཕ,ྱ,ྭ,ོ,བ,
ཕྱྭོམ,藏文字符,,,ཕ,ྱ,ྭ,ོ,མ,
ཕྱྭོར,藏文字符,,,ཕ,ྱ,ྭ,ོ,ར,
ཕྱྭོལ,藏文字符,,,ཕ,ྱ,ྭ,ོ,ལ,
ཕྱྭོས,藏文字符,,,ཕ,ྱ,ྭ,ོ,ས,
ཀགས,藏文字符,,,ཀ,,,,ག,ས
ཀངས,藏文字符,,,ཀ,,,,ང,ས
ཀབས,藏文字符,,,ཀ,,,,བ,ས
ཀམས,藏文字符,,,ཀ,,,,མ,ས
ཀིགས,藏文字符,,,ཀ,,,ི,ག,ས
ཀིངས,藏文字符,,,ཀ,,,ི,ང,ས
ཀིབས,藏文字符,,,ཀ,,,ི,བ,ས
ཀིམས,藏文字符,,,ཀ,,,ི,མ,ས
ཀུགས,藏文字符,,,ཀ,,,ུ,ག,ས
ཀུངས,藏文字符,,,ཀ,,,ུ,ང,ས
ཀུབས,藏文字符,,,ཀ,,,ུ,བ,ས
ཀུམས,藏文字符,,,ཀ,,,ུ,མ,ས
ཀེགས,藏文字符,,,ཀ,,,ེ,ག,ས
ཀེངས,藏文字符,,,ཀ,,,ེ,ང,ས
ཀེབས,藏文字符,,,ཀ,,,ེ,བ,ས
ཀེམས,藏文字符,,,ཀ,,,ེ,མ,ས
ཀོགས,藏文字符,,,ཀ,,,ོ,ག,ས
ཀོངས,藏文字符,,,ཀ,,,ོ,ང,ས
ཀོབས,藏文字符,,,ཀ,,,ོ,བ,ས
ཀོམས,藏文字符,,,ཀ,,,ོ,མ,ས
ཁགས,藏文字符,,,ཁ,,,,ག,ས
ཁངས,藏文字符,,,ཁ,,,,ང,ས
ཁབས,藏文字符,,,ཁ,,,,བ,ས
ཁམས,藏文字符,,,ཁ,,,,མ,ས
ཁིགས,藏文字符,,,ཁ,,,ི,ག,ས
ཁིངས,藏文字符,,,ཁ,,,ི,ང,ས
ཁིབས,藏文字符,,,ཁ,,,ི,བ,ས
ཁིམས,藏文字符,,,ཁ,,,ི,མ,ས
ཁུགས,藏文字符,,,ཁ,,,ུ,ག,ས
ཁུངས,藏文字符,,,ཁ,,,ུ,ང,ས
ཁུབས,藏文字符,,,ཁ,,,ུ,བ,ས
ཁུམས,藏文字符,,,ཁ,,,ུ,མ,ས
ཁེགས,藏文字符,,,ཁ,,,ེ,ག,ས
ཁེངས,藏文字符,,,ཁ,,,ེ,ང,ས
ཁེབས,藏文字符,,,ཁ,,,ེ,བ,ས
ཁེམས,藏文字符,,,ཁ,,,ེ,མ,ས
ཁོགས,藏文字符,,,ཁ,,,ོ,ག,ས
ཁོངས,藏文字符,,,ཁ,,,ོ,ང,ས
ཁོབས,藏文字符,,,ཁ,,,ོ,བ,ས
ཁོམས,藏文字符,,,ཁ,,,ོ,མ,ས
གགས,藏文字符,,,ག,,,,ག,ས
གངས,藏文字符,,,ག,,,,ང,ས
གབས,藏文字符,,,ག,,,,བ,ས
གམས,藏文字符,,,ག,,,,མ,ས
གིགས,藏文字符,,,ག,,,ི,ག,ས
གིངས,藏文字符,,,ག,,,ི,ང,ས
གིབས,藏文字符,,,ག,,,ི,བ,ས
གིམས,藏文字符,,,ག,,,ི,མ,ས
གུགས,藏文字符,,,ག,,,ུ,ག,ས
གུངས,藏文字符,,,ག,,,ུ,ང,ས
གུབས,藏文字符,,,ག,,,ུ,བ,ས
གུམས,藏文字符,,,ག,,,ུ,མ,ས
གེགས,藏文字符,,,ག,,,ེ,ག,ས
གེངས,藏文字符,,,ག,,,ེ,ང,ས
གེབས,藏文字符,,,ག,,,ེ,བ,ས
གེམས,藏文字符,,,ག,,,ེ,མ,ས
གོགས,藏文字符,,,ག,,,ོ,ག,ས
གོངས,藏文字符,,,ག,,,ོ,ང,ས
གོབས,藏文字符,,,ག,,,ོ,བ,ས
གོམས,藏文字符,,,ག,,,ོ,མ,ས
ངགས,藏文字符,,,ང,,,,ག,ས
ངངས,藏文字符,,,ང,,,,ང,ས
ངབས,藏文字符,,,ང,,,,བ,ས
ངམས,藏文字符,,,ང,,,,མ,ས
ངིགས,藏文字符,,,ང,,,ི,ག,ས
ངིངས,藏文字符,,,ང,,,ི,ང,ས
ངིབས,藏文字符,,,ང,,,ི,བ,ས
ངིམས,藏文字符,,,ང,,,ི,མ,ས
ངུགས,藏文字符,,,ང,,,ུ,ག,ས
ངུངས,藏文字符,,,ང,,,ུ,ང,ས
ངུབས,藏文字符,,,ང,,,ུ,བ,ས
ངུམས,藏文字符,,,ང,,,ུ,མ,ས
ངེགས,藏文字符,,,ང,,,ེ,ག,ས
ངེངས,藏文字符,,,ང,,,ེ,ང,ས
ངེབས,藏文字符,,,ང,,,ེ,བ,ས
ངེམས,藏文字符,,,ང,,,ེ,མ,ས
ངོགས,藏文字符,,,ང,,,ོ,ག,ས
ངོངས,藏文字符,,,ང,,,ོ,ང,ས
ངོབས,藏文字符,,,ང,,,ོ,བ,ས
ངོམས,藏文字符,,,ང,,,ོ,མ,ས
ཅགས,藏文字符,,,ཅ,,,,ག,ས
ཅངས,藏文字符,,,ཅ,,,,ང,ས
ཅབས,藏文字符,,,ཅ,,,,བ,ས
ཅམས,藏文字符,,,ཅ,,,,མ,ས
ཅིགས,藏文字符,,,ཅ,,,ི,ག,ས
ཅིངས,藏文字符,,,ཅ,,,ི,ང,ས
ཅིབས,藏文字符,,,ཅ,,,ི,བ,ས
ཅིམས,藏文字符,,,ཅ,,,ི,མ,ས
ཅུགས,藏文字符,,,ཅ,,,ུ,ག,ས
ཅུངས,藏文字符,,,ཅ,,,ུ,ང,ས
ཅུབས,藏文字符,,,ཅ,,,ུ,བ,ས
ཅུམས,藏文字符,,,ཅ,,,ུ,མ,ས
ཅེགས,藏文字符,,,ཅ,,,ེ,ག,ས
ཅེངས,藏文字符,,,ཅ,,,ེ,ང,ས
ཅེབས,藏文字符,,,ཅ,,,ེ,བ,ས
ཅེམས,藏文字符,,,ཅ,,,ེ,མ,ས
ཅོགས,藏文字符,,,ཅ,,,ོ,ག,ས
ཅོངས,藏文字符,,,ཅ,,,ོ,ང,ས
ཅོབས,藏文字符,,,ཅ,,,ོ,བ,ས
ཅོམས,藏文字符,,,ཅ,,,ོ,མ,ས
ཆགས,藏文字符,,,ཆ,,,,ག,ས
ཆངས,藏文字符,,,ཆ,,,,ང,ས
ཆབས,藏文字符,,,ཆ,,,,བ,ས
ཆམས,藏文字符,,,ཆ,,,,མ,ས
ཆིགས,藏文字符,,,ཆ,,,ི,ག,ས
ཆིངས,藏文字符,,,ཆ,,,ི,ང,ས
ཆིབས,藏文字符,,,ཆ,,,ི,བ,ས
ཆིམས,藏文字符,,,ཆ,,,ི,མ,ས
ཆུགས,藏文字符,,,ཆ,,,ུ,ག,ས
ཆུངས,藏文字符,,,ཆ,,,ུ,ང,ས
ཆུབས,藏文字符,,,ཆ,,,ུ,བ,ས
ཆུམས,藏文字符,,,ཆ,,,ུ,མ,ས
ཆེགས,藏文字符,,,ཆ,,,ེ,ག,ས
ཆེངས,藏文字符,,,ཆ,,,ེ,ང,ས
ཆེབས,藏文字符,,,ཆ,,,ེ,བ,ས
ཆེམས,藏文字符,,,ཆ,,,ེ,མ,ས
ཆོགས,藏文字符,,,ཆ,,,ོ,ག,ས
ཆོངས,藏文字符,,,ཆ,,,ོ,ང,ས
ཆོབས,藏文字符,,,ཆ,,,ོ,བ,ས
ཆོམས,藏文字符,,,ཆ,,,ོ,མ,ས
ཇགས,藏文字符,,,ཇ,,,,ག,ས
ཇངས,藏文字符,,,ཇ,,,,ང,ས
ཇབས,藏文字符,,,ཇ,,,,བ,ས
ཇམས,藏文字符,,,ཇ,,,,མ,ས
ཇིགས,藏文字符,,,ཇ,,,ི,ག,ས
ཇིངས,藏文字符,,,ཇ,,,ི,ང,ས
ཇིབས,藏文字符,,,ཇ,,,ི,བ,ས
ཇིམས,藏文字符,,,ཇ,,,ི,མ,ས
ཇུགས,藏文字符,,,ཇ,,,ུ,ག,ས
ཇུངས,藏文字符,,,ཇ,,,ུ,ང,ས
ཇུབས,藏文字符,,,ཇ,,,ུ,བ,ས
ཇུམས,藏文字符,,,ཇ,,,ུ,མ,ས
ཇེགས,藏文字符,,,ཇ,,,ེ,ག,ས
ཇེངས,藏文字符,,,ཇ,,,ེ,ང,ས
ཇེབས,藏文字符,,,ཇ,,,ེ,བ,ས
ཇེམས,藏文字符,,,ཇ,,,ེ,མ,ས
ཇོགས,藏文字符,,,ཇ,,,ོ,ག,ས
ཇོངས,藏文字符,,,ཇ,,,ོ,ང,ས
ཇོབས,藏文字符,,,ཇ,,,ོ,བ,ས
ཇོམས,藏文字符,,,ཇ,,,ོ,མ,ས
ཉགས,藏文字符,,,ཉ,,,,ག,ས
ཉངས,藏文字符,,,ཉ,,,,ང,ས
ཉབས,藏文字符,,,ཉ,,,,བ,ས
ཉམས,藏文字符,,,ཉ,,,,མ,ས
ཉིགས,藏文字符,,,ཉ,,,ི,ག,ས
ཉིངས,藏文字符,,,ཉ,,,ི,ང,ས
ཉིབས,藏文字符,,,ཉ,,,ི,བ,ས
ཉིམས,藏文字符,,,ཉ,,,ི,མ,ས
ཉུགས,藏文字符,,,ཉ,,,ུ,ག,ས
ཉུངས,藏文字符,,,ཉ,,,ུ,ང,ས
ཉུབས,藏文字符,,,ཉ,,,ུ,བ,ས
ཉུམས,藏文字符,,,ཉ,,,ུ,མ,ས
ཉེགས,藏文字符,,,ཉ,,,ེ,ག,ས
ཉེངས,藏文字符,,,ཉ,,,ེ,ང,ས
ཉེབས,藏文字符,,,ཉ,,,ེ,བ,ས
ཉེམས,藏文字符,,,ཉ,,,ེ,མ,ས
ཉོགས,藏文字符,,,ཉ,,,ོ,ག,ས
ཉོངས,藏文字符,,,ཉ,,,ོ,ང,ས
ཉོབས,藏文字符,,,ཉ,,,ོ,བ,ས
ཉོམས,藏文字符,,,ཉ,,,ོ,མ,ས
ཏགས,藏文字符,,,ཏ,,,,ག,ས
ཏངས,藏文字符,,,ཏ,,,,ང,ས
ཏབས,藏文字符,,,ཏ,,,,བ,ས
ཏམས,藏文字符,,,ཏ,,,,མ,ས
ཏིགས,藏文字符,,,ཏ,,,ི,ག,ས
ཏིངས,藏文字符,,,ཏ,,,ི,ང,ས
ཏིབས,藏文字符,,,ཏ,,,ི,བ,ས
ཏིམས,藏文字符,,,ཏ,,,ི,མ,ས
ཏུགས,藏文字符,,,ཏ,,,ུ,ག,ས
ཏུངས,藏文字符,,,ཏ,,,ུ,ང,ས
ཏུབས,藏文字符,,,ཏ,,,ུ,བ,ས
ཏུམས,藏文字符,,,ཏ,,,ུ,མ,ས
ཏེགས,藏文字符,,,ཏ,,,ེ,ག,ས
ཏེངས,藏文字符,,,ཏ,,,ེ,ང,ས
ཏེབས,藏文字符,,,ཏ,,,ེ,བ,ས
ཏེམས,藏文字符,,,ཏ,,,ེ,མ,ས
ཏོགས,藏文字符,,,ཏ,,,ོ,ག,ས
ཏོངས,藏文字符,,,ཏ,,,ོ,ང,ས
ཏོབས,藏文字符,,,ཏ,,,ོ,བ,ས
ཏོམས,藏文字符,,,ཏ,,,ོ,མ,ས
ཐགས,藏文字符,,,ཐ,,,,ག,ས
ཐངས,藏文字符,,,ཐ,,,,ང,ས
ཐབས,藏文字符,,,ཐ,,,,བ,ས
ཐམས,藏文字符,,,ཐ,,,,མ,ས
ཐིགས,藏文字符,,,ཐ,,,ི,ག,ས
ཐིངས,藏文字符,,,ཐ,,,ི,ང,ས
ཐིབས,藏文字符,,,ཐ,,,ི,བ,ས
ཐིམས,藏文字符,,,ཐ,,,ི,མ,ས
ཐུགས,藏文字符,,,ཐ,,,ུ,ག,ས
ཐུངས,藏文字符,,,ཐ,,,ུ,ང,ས
ཐུབས,藏文字符,,,ཐ,,,ུ,བ,ས
ཐུམས,藏文字符,,,ཐ,,,ུ,མ,ས
ཐེགས,藏文字符,,,ཐ,,,ེ,ག,ས
ཐེངས,藏文字符,,,ཐ,,,ེ,ང,ས
ཐེབས,藏文字符,,,ཐ,,,ེ,བ,ས
ཐེམས,藏文字符,,,ཐ,,,ེ,མ,ས
ཐོགས,藏文字符,,,ཐ,,,ོ,ག,ས
ཐོངས,藏文字符,,,ཐ,,,ོ,ང,ས
ཐོབས,藏文字符,,,ཐ,,,ོ,བ,ས
ཐོམས,藏文字符,,,ཐ,,,ོ,མ,ས
དགས,藏文字符,,,ད,,,,ག,ས
དངས,藏文字符,,,ད,,,,ང,ས
དབས,藏文字符,,,ད,,,,བ,ས
དམས,藏文字符,,,ད,,,,མ,ས
དིགས,藏文字符,,,ད,,,ི,ག,ས
དིངས,藏文字符,,,ད,,,ི,ང,ས
དིབས,藏文字符,,,ད,,,ི,བ,ས
དིམས,藏文字符,,,ད,,,ི,མ,ས
དུགས,藏文字符,,,ད,,,ུ,ག,ས
དུངས,藏文字符,,,ད,,,ུ,ང,ས
དུབས,藏文字符,,,ད,,,ུ,བ,ས
དུམས,藏文字符,,,ད,,,ུ,མ,ས
དེགས,藏文字符,,,ད,,,ེ,ག,ས
དེངས,藏文字符,,,ད,,,ེ,ང,ས
དེབས,藏文字符,,,ད,,,ེ,བ,ས
དེམས,藏文字符,,,ད,,,ེ,མ,ས
དོགས,藏文字符,,,ད,,,ོ,ག,ས
དོངས,藏文字符,,,ད,,,ོ,ང,ས
དོབས,藏文字符,,,ད,,,ོ,བ,ས
དོམས,藏文字符,,,ད,,,ོ,མ,ས
ནགས,藏文字符,,,ན,,,,ག,ས
ནངས,藏文字符,,,ན,,,,ང,ས
ནབས,藏文字符,,,ན,,,,བ,ས
ནམས,藏文字符,,,ན,,,,མ,ས
ནིགས,藏文字符,,,ན,,,ི,ག,ས
ནིངས,藏文字符,,,ན,,,ི,ང,ས
ནིབས,藏文字符,,,ན,,,ི,བ,ས
ནིམས,藏文字符,,,ན,,,ི,མ,ས
ནུགས,藏文字符,,,ན,,,ུ,ག,ས
ནུངས,藏文字符,,,ན,,,ུ,ང,ས
ནུབས,藏文字符,,,ན,,,ུ,བ,ས
ནུམས,藏文字符,,,ན,,,ུ,མ,ས
ནེགས,藏文字符,,,ན,,,ེ,ག,ས
ནེངས,藏文字符,,,ན,,,ེ,ང,ས
ནེབས,藏文字符,,,ན,,,ེ,བ,ས
ནེམས,藏文字符,,,ན,,,ེ,མ,ས
ནོགས,藏文字符,,,ན,,,ོ,ག,ས
ནོངས,藏文字符,,,ན,,,ོ,ང,ས
ནོབས,藏文字符,,,ན,,,ོ,བ,ས
ནོམས,藏文字符,,,ན,,,ོ,མ,ས
པགས,藏文字符,,,པ,,,,ག,ས
པངས,藏文字符,,,པ,,,,ང,ས
པབས,藏文字符,,,པ,,,,བ,ས
པམས,藏文字符,,,པ,,,,མ,ས
པིགས,藏文字符,,,པ,,,ི,ག,ས
པིངས,藏文字符,,,པ,,,ི,ང,ས
པིབས,藏文字符,,,པ,,,ི,བ,ས
པིམས,藏文字符,,,པ,,,ི,མ,ས
པུགས,藏文字符,,,པ,,,ུ,ག,ས
པུངས,藏文字符,,,པ,,,ུ,ང,ས
པུབས,藏文字符,,,པ,,,ུ,བ,ས
པུམས,藏文字符,,,པ,,,ུ,མ,ས
པེགས,藏文字符,,,པ,,,ེ,ག,ས
པེངས,藏文字符,,,པ,,,ེ,ང,ས
པེབས,藏文字符,,,པ,,,ེ,བ,ས
པེམས,藏文字符,,,པ,,,ེ,མ,ས
པོགས,藏文字符,,,པ,,,ོ,ག,ས
པོངས,藏文字符,,,པ,,,ོ,ང,ས
པོབས,藏文字符,,,པ,,,ོ,བ,ས
པོམས,藏文字符,,,པ,,,ོ,མ,ས
ཕགས,藏文字符,,,ཕ,,,,ག,ས
ཕངས,藏文字符,,,ཕ,,,,ང,ས
ཕབས,藏文字符,,,ཕ,,,,བ,ས
ཕམས,藏文字符,,,ཕ,,,,མ,ས
ཕིགས,藏文字符,,,ཕ,,,ི,ག,ས
ཕིངས,藏文字符,,,ཕ,,,ི,ང,ས
ཕིབས,藏文字符,,,ཕ,,,ི,བ,ས
ཕིམས,藏文字符,,,ཕ,,,ི,མ,ས
ཕུགས,藏文字符,,,ཕ,,,ུ,ག,ས
ཕུངས,藏文字符,,,ཕ,,,ུ,ང,ས
ཕུབས,藏文字符,,,ཕ,,,ུ,བ,ས
ཕུམས,藏文字符,,,ཕ,,,ུ,མ,ས
ཕེགས,藏文字符,,,ཕ,,,ེ,ག,ས
ཕེངས,藏文字符,,,ཕ,,,ེ,ང,ས
ཕེབས,藏文字符,,,ཕ,,,ེ,བ,ས
ཕེམས,藏文字符,,,ཕ,,,ེ,མ,ས
ཕོགས,藏文字符,,,ཕ,,,ོ,ག,ས
ཕོངས,藏文字符,,,ཕ,,,ོ,ང,ས
ཕོབས,藏文字符,,,ཕ,,,ོ,བ,ས
ཕོམས,藏文字符,,,ཕ,,,ོ,མ,ས
བགས,藏文字符,,,བ,,,,ག,ས
བངས,藏文字符,,,བ,,,,ང,ས
བབས,藏文字符,,,བ,,,,བ,ས
བམས,藏文字符,,,བ,,,,མ,ས
བིགས,藏文字符,,,བ,,,ི,ག,ས
བིངས,藏文字符,,,བ,,,ི,ང,ས
བིབས,藏文字符,,,བ,,,ི,བ,ས
བིམས,藏文字符,,,བ,,,ི,མ,ས
བུགས,藏文字符,,,བ,,,ུ,ག,ས
བུངས,藏文字符,,,བ,,,ུ,ང,ས
བུབས,藏文字符,,,བ,,,ུ,བ,ས
བུམས,藏文字符,,,བ,,,ུ,མ,ས
བེགས,藏文字符,,,བ,,,ེ,ག,ས
བེངས,藏文字符,,,བ,,,ེ,ང,ས
བེབས,藏文字符,,,བ,,,ེ,བ,ས
བེམས,藏文字符,,,བ,,,ེ,མ,ས
བོགས,藏文字符,,,བ,,,ོ,ག,ས
བོངས,藏文字符,,,བ,,,ོ,ང,ས
བོབས,藏文字符,,,བ,,,ོ,བ,ས
བོམས,藏文字符,,,བ,,,ོ,མ,ས
མགས,藏文字符,,,མ,,,,ག,ས
མངས,藏文字符,,,མ,,,,ང,ས
མབས,藏文字符,,,མ,,,,བ,ས
མམས,藏文字符,,,མ,,,,མ,ས
མིགས,藏文字符,,,མ,,,ི,ག,ས
མིངས,藏文字符,,,མ,,,ི,ང,ས
མིབས,藏文字符,,,མ,,,ི,བ,ས
མིམས,藏文字符,,,མ,,,ི,མ,ས
མུགས,藏文字符,,,མ,,,ུ,ག,ས
མུངས,藏文字符,,,མ,,,ུ,ང,ས
མུབས,藏文字符,,,མ,,,ུ,བ,ས
མུམས,藏文字符,,,མ,,,ུ,མ,ས
མེགས,藏文字符,,,མ,,,ེ,ག,ས
མེངས,藏文字符,,,མ,,,ེ,ང,ས
མེབས,藏文字符,,,མ,,,ེ,བ,ས
མེམས,藏文字符,,,མ,,,ེ,མ,ས
མོགས,藏文字符,,,མ,,,ོ,ག,ས
མོངས,藏文字符,,,མ,,,ོ,ང,ས
མོབས,藏文字符,,,མ,,,ོ,བ,ས
མོམས,藏文字符,,,མ,,,ོ,མ,ས
ཙགས,藏文字符,,,ཙ,,,,ག,ས
ཙངས,藏文字符,,,ཙ,,,,ང,ས
ཙབས,藏文字符,,,ཙ,,,,བ,ས
ཙམས,藏文字符,,,ཙ,,,,མ,ས
ཙིགས,藏文字符,,,ཙ,,,ི,ག,ས
ཙིངས,藏文字符,,,ཙ,,,ི,ང,ས
ཙིབས,藏文字符,,,ཙ,,,ི,བ,ས
ཙིམས,藏文字符,,,ཙ,,,ི,མ,ས
ཙུགས,藏文字符,,,ཙ,,,ུ,ག,ས
ཙུངས,藏文字符,,,ཙ,,,ུ,ང,ས
ཙུབས,藏文字符,,,ཙ,,,ུ,བ,ས
ཙུམས,藏文字符,,,ཙ,,,ུ,མ,ས
ཙེགས,藏文字符,,,ཙ,,,ེ,ག,ས
ཙེངས,藏文字符,,,ཙ,,,ེ,ང,ས
ཙེབས,藏文字符,,,ཙ,,,ེ,བ,ས
ཙེམས,藏文字符,,,ཙ,,,ེ,མ,ས
ཙོགས,藏文字符,,,ཙ,,,ོ,ག,ས
ཙོངས,藏文字符,,,ཙ,,,ོ,ང,ས
ཙོབས,藏文字符,,,ཙ,,,ོ,བ,ས
ཙོམས,藏文字符,,,ཙ,,,ོ,མ,ས
ཚགས,藏文字符,,,ཚ,,,,ག,ས
ཚངས,藏文字符,,,ཚ,,,,ང,ས
ཚབས,藏文字符,,,ཚ,,,,བ,ས
ཚམས,藏文字符,,,ཚ,,,,མ,ས
ཚིགས,藏文字符,,,ཚ,,,ི,ག,ས
ཚིངས,藏文字符,,,ཚ,,,ི,ང,ས
ཚིབས,藏文字符,,,ཚ,,,ི,བ,ས
ཚིམས,藏文字符,,,ཚ,,,ི,མ,ས
ཚུགས,藏文字符,,,ཚ,,,ུ,ག,ས
ཚུངས,藏文字符,,,ཚ,,,ུ,ང,ས
ཚུབས,藏文字符,,,ཚ,,,ུ,བ,ས
ཚུམས,藏文字符,,,ཚ,,,ུ,མ,ས
ཚེགས,藏文字符,,,ཚ,,,ེ,ག,ས
ཚེངས,藏文字符,,,ཚ,,,ེ,ང,ས
ཚེབས,藏文字符,,,ཚ,,,ེ,བ,ས
ཚེམས,藏文字符,,,ཚ,,,ེ,མ,ས
ཚོགས,藏文字符,,,ཚ,,,ོ,ག,ས
ཚོངས,藏文字符,,,ཚ,,,ོ,ང,ས
ཚོབས,藏文字符,,,ཚ,,,ོ,བ,ས
ཚོམས,藏文字符,,,ཚ,,,ོ,མ,ས
ཛགས,藏文字符,,,ཛ,,,,ག,ས
ཛངས,藏文字符,,,ཛ,,,,ང,ས
ཛབས,藏文字符,,,ཛ,,,,བ,ས
ཛམས,藏文字符,,,ཛ,,,,མ,ས
ཛིགས,藏文字符,,,ཛ,,,ི,ག,ས
ཛིངས,藏文字符,,,ཛ,,,ི,ང,ས
ཛིབས,藏文字符,,,ཛ,,,ི,བ,ས
ཛིམས,藏文字符,,,ཛ,,,ི,མ,ས
ཛུགས,藏文字符,,,ཛ,,,ུ,ག,ས
ཛུངས,藏文字符,,,ཛ,,,ུ,ང,ས
ཛུབས,藏文字符,,,ཛ,,,ུ,བ,ས
ཛུམས,藏文字符,,,ཛ,,,ུ,མ,ས
ཛེགས,藏文字符,,,ཛ,,,ེ,ག,ས
ཛེངས,藏文字符,,,ཛ,,,ེ,ང,ས
ཛེབས,藏文字符,,,ཛ,,,ེ,བ,ས
ཛེམས,藏文字符,,,ཛ,,,ེ,མ,ས
ཛོགས,藏文字符,,,ཛ,,,ོ,ག,ས
ཛོངས,藏文字符,,,ཛ,,,ོ,ང,ས
ཛོབས,藏文字符,,,ཛ,,,ོ,བ,ས
ཛོམས,藏文字符,,,ཛ,,,ོ,མ,ས
ཝགས,藏文字符,,,ཝ,,,,ག,ས
ཝངས,藏文字符,,,ཝ,,,,ང,ས
ཝབས,藏文字符,,,ཝ,,,,བ,ས
ཝམས,藏文字符,,,ཝ,,,,མ,ས
ཝིགས,藏文字符,,,ཝ,,,ི,ག,ས
ཝིངས,藏文字符,,,ཝ,,,ི,ང,ས
ཝིབས,藏文字符,,,ཝ,,,ི,བ,ས
ཝིམས,藏文字符,,,ཝ,,,ི,མ,ས
ཝུགས,藏文字符,,,ཝ,,,ུ,ག,ས
ཝུངས,藏文字符,,,ཝ,,,ུ,ང,ས
ཝུབས,藏文字符,,,ཝ,,,ུ,བ,ས
ཝུམས,藏文字符,,,ཝ,,,ུ,མ,ས
ཝེགས,藏文字符,,,ཝ,,,ེ,ག,ས
ཝེངས,藏文字符,,,ཝ,,,ེ,ང,ས
ཝེབས,藏文字符,,,ཝ,,,ེ,བ,ས
ཝེམས,藏文字符,,,ཝ,,,ེ,མ,ས
ཝོགས,藏文字符,,,ཝ,,,ོ,ག,ས
ཝོངས,藏文字符,,,ཝ,,,ོ,ང,ས
ཝོབས,藏文字符,,,ཝ,,,ོ,བ,ས
ཝོམས,藏文字符,,,ཝ,,,ོ,མ,ས
ཞགས,藏文字符,,,ཞ,,,,ག,ས
ཞངས,藏文字符,,,ཞ,,,,ང,ས
ཞབས,藏文字符,,,ཞ,,,,བ,ས
ཞམས,藏文字符,,,ཞ,,,,མ,ས
ཞིགས,藏文字符,,,ཞ,,,ི,ག,ས
ཞིངས,藏文字符,,,ཞ,,,ི,ང,ས
ཞིབས,藏文字符,,,ཞ,,,ི,བ,ས
ཞིམས,藏文字符,,,ཞ,,,ི,མ,ས
ཞུགས,藏文字符,,,ཞ,,,ུ,ག,ས
ཞུངས,藏文字符,,,ཞ,,,ུ,ང,ས
ཞུབས,藏文字符,,,ཞ,,,ུ,བ,ས
ཞུམས,藏文字符,,,ཞ,,,ུ,མ,ས
ཞེགས,藏文字符,,,ཞ,,,ེ,ག,ས
ཞེངས,藏文字符,,,ཞ,,,ེ,ང,ས
ཞེབས,藏文字符,,,ཞ,,,ེ,བ,ས
ཞེམས,藏文字符,,,ཞ,,,ེ,མ,ས
ཞོགས,藏文字符,,,ཞ,,,ོ,ག,ས
ཞོངས,藏文字符,,,ཞ,,,ོ,ང,ས
ཞོབས,藏文字符,,,ཞ,,,ོ,བ,ས
ཞོམས,藏文字符,,,ཞ,,,ོ,མ,ས
ཟགས,藏文字符,,,ཟ,,,,ག,ས
ཟངས,藏文字符,,,ཟ,,,,ང,ས
ཟབས,藏文字符,,,ཟ,,,,བ,ས
ཟམས,藏文字符,,,ཟ,,,,མ,ས
ཟིགས,藏文字符,,,ཟ,,,ི,ག,ས
ཟིངས,藏文字符,,,ཟ,,,ི,ང,ས
ཟིབས,藏文字符,,,ཟ,,,ི,བ,ས
ཟིམས,藏文字符,,,ཟ,,,ི,མ,ས
ཟུགས,藏文字符,,,ཟ,,,ུ,ག,ས
ཟུངས,藏文字符,,,ཟ,,,ུ,ང,ས
ཟུབས,藏文字符,,,ཟ,,,ུ,བ,ས
ཟུམས,藏文字符,,,ཟ,,,ུ,མ,ས
ཟེགས,藏文字符,,,ཟ,,,ེ,ག,ས
ཟེངས,藏文字符,,,ཟ,,,ེ,ང,ས
ཟེབས,藏文字符,,,ཟ,,,ེ,བ,ས
ཟེམས,藏文字符,,,ཟ,,,ེ,མ,ས
ཟོགས,藏文字符,,,ཟ,,,ོ,ག,ས
ཟོངས,藏文字符,,,ཟ,,,ོ,ང,ས
ཟོབས,藏文字符,,,ཟ,,,ོ,བ,ས
ཟོམས,藏文字符,,,ཟ,,,ོ,མ,ས
འགས,藏文字符,,,འ,,,,ག,ས
འངས,藏文字符,,,འ,,,,ང,ས
འབས,藏文字符,,,འ,,,,བ,ས
འམས,藏文字符,,,འ,,,,མ,ས
འིགས,藏文字符,,,འ,,,ི,ག,ས
འིངས,藏文字符,,,འ,,,ི,ང,ས
འིབས,藏文字符,,,འ,,,ི,བ,ས
འིམས,藏文字符,,,འ,,,ི,མ,ས
འུགས,藏文字符,,,འ,,,ུ,ག,ས
འུངས,藏文字符,,,འ,,,ུ,ང,ས
འུབས,藏文字符,,,འ,,,ུ,བ,ས
འུམས,藏文字符,,,འ,,,ུ,མ,ས
འེགས,藏文字符,,,འ,,,ེ,ག,ས
འེངས,藏文字符,,,འ,,,ེ,ང,ས
འེབས,藏文字符,,,འ,,,ེ,བ,ས
འེམས,藏文字符,,,འ,,,ེ,མ,ས
འོགས,藏文字符,,,འ,,,ོ,ག,ས
འོངས,藏文字符,,,འ,,,ོ,ང,ས
འོབས,藏文字符,,,འ,,,ོ,བ,ས
འོམས,藏文字符,,,འ,,,ོ,མ,ས
ཡགས,藏文字符,,,ཡ,,,,ག,ས
ཡངས,藏文字符,,,ཡ,,,,ང,ས
ཡབས,藏文字符,,,ཡ,,,,བ,ས
ཡམས,藏文字符,,,ཡ,,,,མ,ས
ཡིགས,藏文字符,,,ཡ,,,ི,ག,ས
ཡིངས,藏文字符,,,ཡ,,,ི,ང,ས
ཡིབས,藏文字符,,,ཡ,,,ི,བ,ས
ཡིམས,藏文字符,,,ཡ,,,ི,མ,ས
ཡུགས,藏文字符,,,ཡ,,,ུ,ག,ས
ཡུངས,藏文字符,,,ཡ,,,ུ,ང,ས
ཡུབས,藏文字符,,,ཡ,,,ུ,བ,ས
ཡུམས,藏文字符,,,ཡ,,,ུ,མ,ས
ཡེགས,藏文字符,,,ཡ,,,ེ,ག,ས
ཡེངས,藏文字符,,,ཡ,,,ེ,ང,ས
ཡེབས,藏文字符,,,ཡ,,,ེ,བ,ས
ཡེམས,藏文字符,,,ཡ,,,ེ,མ,ས
ཡོགས,藏文字符,,,ཡ,,,ོ,ག,ས
ཡོངས,藏文字符,,,ཡ,,,ོ,ང,ས
ཡོབས,藏文字符,,,ཡ,,,ོ,བ,ས
ཡོམས,藏文字符,,,ཡ,,,ོ,མ,ས
རགས,藏文字符,,,ར,,,,ག,ས
རངས,藏文字符,,,ར,,,,ང,ས
རབས,藏文字符,,,ར,,,,བ,ས
རམས,藏文字符,,,ར,,,,མ,ས
རིགས,藏文字符,,,ར,,,ི,ག,ས
རིངས,藏文字符,,,ར,,,ི,ང,ས
རིབས,藏文字符,,,ར,,,ི,བ,ས
རིམས,藏文字符,,,ར,,,ི,མ,ས
རུགས,藏文字符,,,ར,,,ུ,ག,ས
རུངས,藏文字符,,,ར,,,ུ,ང,ས
རུབས,藏文字符,,,ར,,,ུ,བ,ས
རུམས,藏文字符,,,ར,,,ུ,མ,ས
རེགས,藏文字符,,,ར,,,ེ,ག,ས
རེངས,藏文字符,,,ར,,,ེ,ང,ས
རེབས,藏文字符,,,ར,,,ེ,བ,ས
རེམས,藏文字符,,,ར,,,ེ,མ,ས
རོགས,藏文字符,,,ར,,,ོ,ག,ས
རོངས,藏文字符,,,ར,,,ོ,ང,ས
རོབས,藏文字符,,,ར,,,ོ,བ,ས
རོམས,藏文字符,,,ར,,,ོ,མ,ས
ལགས,藏文字符,,,ལ,,,,ག,ས
ལངས,藏文字符,,,ལ,,,,ང,ས
ལབས,藏文字符,,,ལ,,,,བ,ས
ལམས,藏文字符,,,ལ,,,,མ,ས
ལིགས,藏文字符,,,ལ,,,ི,ག,ས
ལིངས,藏文字符,,,ལ,,,ི,ང,ས
ལིབས,藏文字符,,,ལ,,,ི,བ,ས
ལིམས,藏文字符,,,ལ,,,ི,མ,ས
ལུགས,藏文字符,,,ལ,,,ུ,ག,ས
ལུངས,藏文字符,,,ལ,,,ུ,ང,ས
ལུབས,藏文字符,,,ལ,,,ུ,བ,ས
ལུམས,藏文字符,,,ལ,,,ུ,མ,ས
ལེགས,藏文字符,,,ལ,,,ེ,ག,ས
ལེངས,藏文字符,,,ལ,,,ེ,ང,ས
ལེབས,藏文字符,,,ལ,,,ེ,བ,ས
ལེམས,藏文字符,,,ལ,,,ེ,མ,ས
ལོགས,藏文字符,,,ལ,,,ོ,ག,ས
ལོངས,藏文字符,,,ལ,,,ོ,ང,ས
ལོབས,藏文字符,,,ལ,,,ོ,བ,ས
ལོམས,藏文字符,,,ལ,,,ོ,མ,ས
ཤགས,藏文字符,,,ཤ,,,,ག,ས
ཤངས,藏文字符,,,ཤ,,,,ང,ས
ཤབས,藏文字符,,,ཤ,,,,བ,ས
ཤམས,藏文字符,,,ཤ,,,,མ,ས
ཤིགས,藏文字符,,,ཤ,,,ི,ག,ས
ཤིངས,藏文字符,,,ཤ,,,ི,ང,ས
ཤིབས,藏文字符,,,ཤ,,,ི,བ,ས
ཤིམས,藏文字符,,,ཤ,,,ི,མ,ས
ཤུགས,藏文字符,,,ཤ,,,ུ,ག,ས
ཤུངས,藏文字符,,,ཤ,,,ུ,ང,ས
ཤུབས,藏文字符,,,ཤ,,,ུ,བ,ས
ཤུམས,藏文字符,,,ཤ,,,ུ,མ,ས
ཤེགས,藏文字符,,,ཤ,,,ེ,ག,ས
ཤེངས,藏文字符,,,ཤ,,,ེ,ང,ས
ཤེབས,藏文字符,,,ཤ,,,ེ,བ,ས
ཤེམས,藏文字符,,,ཤ,,,ེ,མ,ས
ཤོགས,藏文字符,,,ཤ,,,ོ,ག,ས
ཤོངས,藏文字符,,,ཤ,,,ོ,ང,ས
ཤོབས,藏文字符,,,ཤ,,,ོ,བ,ས
ཤོམས,藏文字符,,,ཤ,,,ོ,མ,ས
སགས,藏文字符,,,ས,,,,ག,ས
སངས,藏文字符,,,ས,,,,ང,ས
སབས,藏文字符,,,ས,,,,བ,ས
སམས,藏文字符,,,ས,,,,མ,ས
སིགས,藏文字符,,,ས,,,ི,ག,ས
སིངས,藏文字符,,,ས,,,ི,ང,ས
སིབས,藏文字符,,,ས,,,ི,བ,ས
སིམས,藏文字符,,,ས,,,ི,མ,ས
སུགས,藏文字符,,,ས,,,ུ,ག,ས
སུངས,藏文字符,,,ས,,,ུ,ང,ས
སུབས,藏文字符,,,ས,,,ུ,བ,ས
སུམས,藏文字符,,,ས,,,ུ,མ,ས
སེགས,藏文字符,,,ས,,,ེ,ག,ས
སེངས,藏文字符,,,ས,,,ེ,ང,ས
སེབས,藏文字符,,,ས,,,ེ,བ,ས
སེམས,藏文字符,,,ས,,,ེ,མ,ས
སོགས,藏文字符,,,ས,,,ོ,ག,ས
སོངས,藏文字符,,,ས,,,ོ,ང,ས
སོབས,藏文字符,,,ས,,,ོ,བ,ས
སོམས,藏文字符,,,ས,,,ོ,མ,ས
ཧགས,藏文字符,,,ཧ,,,,ག,ས
ཧངས,藏文字符,,,ཧ,,,,ང,ས
ཧབས,藏文字符,,,ཧ,,,,བ,ས
ཧམས,藏文字符,,,ཧ,,,,མ,ས
ཧིགས,藏文字符,,,ཧ,,,ི,ག,ས
ཧིངས,藏文字符,,,ཧ,,,ི,ང,ས
ཧིབས,藏文字符,,,ཧ,,,ི,བ,ས
ཧིམས,藏文字符,,,ཧ,,,ི,མ,ས
ཧུགས,藏文字符,,,ཧ,,,ུ,ག,ས
ཧུངས,藏文字符,,,ཧ,,,ུ,ང,ས
ཧུབས,藏文字符,,,ཧ,,,ུ,བ,ས
ཧུམས,藏文字符,,,ཧ,,,ུ,མ,ས
ཧེགས,藏文字符,,,ཧ,,,ེ,ག,ས
ཧེངས,藏文字符,,,ཧ,,,ེ,ང,ས
ཧེབས,藏文字符,,,ཧ,,,ེ,བ,ས
ཧེམས,藏文字符,,,ཧ,,,ེ,མ,ས
ཧོགས,藏文字符,,,ཧ,,,ོ,ག,ས
ཧོངས,藏文字符,,,ཧ,,,ོ,ང,ས
ཧོབས,藏文字符,,,ཧ,,,ོ,བ,ས
ཧོམས,藏文字符,,,ཧ,,,ོ,མ,ས
ཨགས,藏文字符,,,ཨ,,,,ག,ས
ཨངས,藏文字符,,,ཨ,,,,ང,ས
ཨབས,藏文字符,,,ཨ,,,,བ,ས
ཨམས,藏文字符,,,ཨ,,,,མ,ས
ཨིགས,藏文字符,,,ཨ,,,ི,ག,ས
ཨིངས,藏文字符,,,ཨ,,,ི,ང,ས
ཨིབས,藏文字符,,,ཨ,,,ི,བ,ས
ཨིམས,藏文字符,,,ཨ,,,ི,མ,ས
ཨུགས,藏文字符,,,ཨ,,,ུ,ག,ས
ཨུངས,藏文字符,,,ཨ,,,ུ,ང,ས
ཨུབས,藏文字符,,,ཨ,,,ུ,བ,ས
ཨུམས,藏文字符,,,ཨ,,,ུ,མ,ས
ཨེགས,藏文字符,,,ཨ,,,ེ,ག,ས
ཨེངས,藏文字符,,,ཨ,,,ེ,ང,ས
ཨེབས,藏文字符,,,ཨ,,,ེ,བ,ས
ཨེམས,藏文字符,,,ཨ,,,ེ,མ,ས
ཨོགས,藏文字符,,,ཨ,,,ོ,ག,ས
ཨོངས,藏文字符,,,ཨ,,,ོ,ང,ས
ཨོབས,藏文字符,,,ཨ,,,ོ,བ,ས
ཨོམས,藏文字符,,,ཨ,,,ོ,མ,ས
རྐགས,藏文字符,,ར,ྐ,,,,ག,ས
རྐངས,藏文字符,,ར,ྐ,,,,ང,ས
རྐབས,藏文字符,,ར,ྐ,,,,བ,ས
རྐམས,藏文字符,,ར,ྐ,,,,མ,ས
རྐིགས,藏文字符,,ར,ྐ,,,ི,ག,ས
རྐིངས,藏文字符,,ར,ྐ,,,ི,ང,ས
རྐིབས,藏文字符,,ར,ྐ,,,ི,བ,ས
རྐིམས,藏文字符,,ར,ྐ,,,ི,མ,ས
རྐུགས,藏文字符,,ར,ྐ,,,ུ,ག,ས
རྐུངས,藏文字符,,ར,ྐ,,,ུ,ང,ས
རྐུབས,藏文字符,,ར,ྐ,,,ུ,བ,ས
རྐུམས,藏文字符,,ར,ྐ,,,ུ,མ,ས
རྐེགས,藏文字符,,ར,ྐ,,,ེ,ག,ས
རྐེངས,藏文字符,,ར,ྐ,,,ེ,ང,ས
རྐེབས,藏文字符,,ར,ྐ,,,ེ,བ,ས
རྐེམས,藏文字符,,ར,ྐ,,,ེ,མ,ས
རྐོགས,藏文字符,,ར,ྐ,,,ོ,ག,ས
རྐོངས,藏文字符,,ར,ྐ,,,ོ,ང,ས
རྐོབས,藏文字符,,ར,ྐ,,,ོ,བ,ས
རྐོམས,藏文字符,,ར,ྐ,,,ོ,མ,ས
རྒགས,藏文字符,,ར,ྒ,,,,ག,ས
རྒངས,藏文字符,,ར,ྒ,,,,ང,ས
རྒབས,藏文字符,,ར,ྒ,,,,བ,ས
རྒམས,藏文字符,,ར,ྒ,,,,མ,ས
རྒིགས,藏文字符,,ར,ྒ,,,ི,ག,ས
རྒིངས,藏文字符,,ར,ྒ,,,ི,ང,ས
རྒིབས,藏文字符,,ར,ྒ,,,ི,བ,ས
རྒིམས,藏文字符,,ར,ྒ,,,ི,མ,ས
རྒུགས,藏文字符,,ར,ྒ,,,ུ,ག,ས
རྒུངས,藏文字符,,ར,ྒ,,,ུ,ང,ས
རྒུབས,藏文字符,,ར,ྒ,,,ུ,བ,ས
རྒུམས,藏文字符,,ར,ྒ,,,ུ,མ,ས
རྒེགས,藏文字符,,ར,ྒ,,,ེ,ག,ས
རྒེངས,藏文字符,,ར,ྒ,,,ེ,ང,ས
རྒེབས,藏文字符,,ར,ྒ,,,ེ,བ,ས
རྒེམས,藏文字符,,ར,ྒ,,,ེ,མ,ས
རྒོགས,藏文字符,,ར,ྒ,,,ོ,ག,ས
རྒོངས,藏文字符,,ར,ྒ,,,ོ,ང,ས
རྒོབས,藏文字符,,ར,ྒ,,,ོ,བ,ས
རྒོམས,藏文字符,,ར,ྒ,,,ོ,མ,ས
རྔགས,藏文字符,,ར,ྔ,,,,ག,ས
རྔངས,藏文字符,,ར,ྔ,,,,ང,ས
རྔབས,藏文字符,,ར,ྔ,,,,བ,ས
རྔམས,藏文字符,,ར,ྔ,,,,མ,ས
རྔིགས,藏文字符,,ར,ྔ,,,ི,ག,ས
རྔིངས,藏文字符,,ར,ྔ,,,ི,ང,ས
རྔིབས,藏文字符,,ར,ྔ,,,ི,བ,ས
རྔིམས,藏文字符,,ར,ྔ,,,ི,མ,ས
རྔུགས,藏文字符,,ར,ྔ,,,ུ,ག,ས
རྔུངས,藏文字符,,ར,ྔ,,,ུ,ང,ས
རྔུབས,藏文字符,,ར,ྔ,,,ུ,བ,ས
རྔུམས,藏文字符,,ར,ྔ,,,ུ,མ,ས
རྔེགས,藏文字符,,ར,ྔ,,,ེ,ག,ས
རྔེངས,藏文字符,,ར,ྔ,,,ེ,ང,ས
རྔེབས,藏文字符,,ར,ྔ,,,ེ,བ,ས
རྔེམས,藏文字符,,ར,ྔ,,,ེ,མ,ས
རྔོགས,藏文字符,,ར,ྔ,,,ོ,ག,ས
རྔོངས,藏文字符,,ར,ྔ,,,ོ,ང,ས
རྔོབས,藏文字符,,ར,ྔ,,,ོ,བ,ས
རྔོམས,藏文字符,,ར,ྔ,,,ོ,མ,ས
རྗགས,藏文字符,,ར,ྗ,,,,ག,ས
རྗངས,藏文字符,,ར,ྗ,,,,ང,ས
རྗབས,藏文字符,,ར,ྗ,,,,བ,ས
རྗམས,藏文字符,,ར,ྗ,,,,མ,ས
རྗིགས,藏文字符,,ར,ྗ,,,ི,ག,ས
རྗིངས,藏文字符,,ར,ྗ,,,ི,ང,ས
རྗིབས,藏文字符,,ར,ྗ,,,ི,བ,ས
རྗིམས,藏文字符,,ར,ྗ,,,ི,མ,ས
རྗུགས,藏文字符,,ར,ྗ,,,ུ,ག,ས
རྗུངས,藏文字符,,ར,ྗ,,,ུ,ང,ས
རྗུབས,藏文字符,,ར,ྗ,,,ུ,བ,ས
རྗུམས,藏文字符,,ར,ྗ,,,ུ,མ,ས
རྗེགས,藏文字符,,ར,ྗ,,,ེ,ག,ས
རྗེངས,藏文字符,,ར,ྗ,,,ེ,ང,ས
རྗེབས,藏文字符,,ར,ྗ,,,ེ,བ,ས
རྗེམས,藏文字符,,ར,ྗ,,,ེ,མ,ས
རྗོགས,藏文字符,,ར,ྗ,,,ོ,ག,ས
རྗོངས,藏文字符,,ར,ྗ,,,ོ,ང,ས
རྗོབས,藏文字符,,ར,ྗ,,,ོ,བ,ས
རྗོམས,藏文字符,,ར,ྗ,,,ོ,མ,ས
རྙགས,藏文字符,,ར,ྙ,,,,ག,ས
རྙངས,藏文字符,,ར,ྙ,,,,ང,ས
རྙབས,藏文字符,,ར,ྙ,,,,བ,ས
རྙམས,藏文字符,,ར,ྙ,,,,མ,ས
རྙིགས,藏文字符,,ར,ྙ,,,ི,ག,ས
རྙིངས,藏文字符,,ར,ྙ,,,ི,ང,ས
རྙིབས,藏文字符,,ར,ྙ,,,ི,བ,ས
རྙིམས,藏文字符,,ར,ྙ,,,ི,མ,ས
རྙུགས,藏文字符,,ར,ྙ,,,ུ,ག,ས
རྙུངས,藏文字符,,ར,ྙ,,,ུ,ང,ས
རྙུབས,藏文字符,,ར,ྙ,,,ུ,བ,ས
རྙུམས,藏文字符,,ར,ྙ,,,ུ,མ,ས
རྙེགས,藏文字符,,ར,ྙ,,,ེ,ག,ས
རྙེངས,藏文字符,,ར,ྙ,,,ེ,ང,ས
རྙེབས,藏文字符,,ར,ྙ,,,ེ,བ,ས
རྙེམས,藏文字符,,ར,ྙ,,,ེ,མ,ས
རྙོགས,藏文字符,,ར,ྙ,,,ོ,ག,ས
རྙོངས,藏文字符,,ར,ྙ,,,ོ,ང,ས
རྙོབས,藏文字符,,ར,ྙ,,,ོ,བ,ས
རྙོམས,藏文字符,,ར,ྙ,,,ོ,མ,ས
རྟགས,藏文字符,,ར,ྟ,,,,ག,ས
རྟངས,藏文字符,,ར,ྟ,,,,ང,ས
རྟབས,藏文字符,,ར,ྟ,,,,བ,ས
རྟམས,藏文字符,,ར,ྟ,,,,མ,ས
རྟིགས,藏文字符,,ར,ྟ,,,ི,ག,ས
རྟིངས,藏文字符,,ར,ྟ,,,ི,ང,ས
རྟིབས,藏文字符,,ར,ྟ,,,ི,བ,ས
རྟིམས,藏文字符,,ར,ྟ,,,ི,མ,ས
རྟུགས,藏文字符,,ར,ྟ,,,ུ,ག,ས
རྟུངས,藏文字符,,ར,ྟ,,,ུ,ང,ས
རྟུབས,藏文字符,,ར,ྟ,,,ུ,བ,ས
རྟུམས,藏文字符,,ར,ྟ,,,ུ,མ,ས
རྟེགས,藏文字符,,ར,ྟ,,,ེ,ག,ས
རྟེངས,藏文字符,,ར,ྟ,,,ེ,ང,ས
རྟེབས,藏文字符,,ར,ྟ,,,ེ,བ,ས
རྟེམས,藏文字符,,ར,ྟ,,,ེ,མ,ས
རྟོགས,藏文字符,,ར,ྟ,,,ོ,ག,ས
རྟོངས,藏文字符,,ར,ྟ,,,ོ,ང,ས
རྟོབས,藏文字符,,ར,ྟ,,,ོ,བ,ས
རྟོམས,藏文字符,,ར,ྟ,,,ོ,མ,ས
རྡགས,藏文字符,,ར,ྡ,,,,ག,ས
རྡངས,藏文字符,,ར,ྡ,,,,ང,ས
རྡབས,藏文字符,,ར,ྡ,,,,བ,ས
རྡམས,藏文字符,,ར,ྡ,,,,མ,ས
རྡིགས,藏文字符,,ར,ྡ,,,ི,ག,ས
རྡིངས,藏文字符,,ར,ྡ,,,ི,ང,ས
རྡིབས,藏文字符,,ར,ྡ,,,ི,བ,ས
རྡིམས,藏文字符,,ར,ྡ,,,ི,མ,ས
རྡུགས,藏文字符,,ར,ྡ,,,ུ,ག,ས
རྡུངས,藏文字符,,ར,ྡ,,,ུ,ང,ས
རྡུབས,藏文字符,,ར,ྡ,,,ུ,བ,ས
རྡུམས,藏文字符,,ར,ྡ,,,ུ,མ,ས
རྡེགས,藏文字符,,ར,ྡ,,,ེ,ག,ས
རྡེངས,藏文字符,,ར,ྡ,,,ེ,ང,ས
རྡེབས,藏文字符,,ར,ྡ,,,ེ,བ,ས
རྡེམས,藏文字符,,ར,ྡ,,,ེ,མ,ས
རྡོགས,藏文字符,,ར,ྡ,,,ོ,ག,ས
རྡོངས,藏文字符,,ར,ྡ,,,ོ,ང,ས
རྡོབས,藏文字符,,ར,ྡ,,,ོ,བ,ས
རྡོམས,藏文字符,,ར,ྡ,,,ོ,མ,ས
རྣགས,藏文字符,,ར,ྣ,,,,ག,ས
རྣངས,藏文字符,,ར,ྣ,,,,ང,ས
རྣབས,藏文字符,,ར,ྣ,,,,བ,ས
རྣམས,藏文字符,,ར,ྣ,,,,མ,ས
རྣིགས,藏文字符,,ར,ྣ,,,ི,ག,ས
རྣིངས,藏文字符,,ར,ྣ,,,ི,ང,ས
རྣིབས,藏文字符,,ར,ྣ,,,ི,བ,ས
རྣིམས,藏文字符,,ར,ྣ,,,ི,མ,ས
རྣུགས,藏文字符,,ར,ྣ,,,ུ,ག,ས
རྣུངས,藏文字符,,ར,ྣ,,,ུ,ང,ས
རྣུབས,藏文字符,,ར,ྣ,,,ུ,བ,ས
རྣུམས,藏文字符,,ར,ྣ,,,ུ,མ,ས
རྣེགས,藏文字符,,ར,ྣ,,,ེ,ག,ས
རྣེངས,藏文字符,,ར,ྣ,,,ེ,ང,ས
རྣེབས,藏文字符,,ར,ྣ,,,ེ,བ,ས
རྣེམས,藏文字符,,ར,ྣ,,,ེ,མ,ས
རྣོགས,藏文字符,,ར,ྣ,,,ོ,ག,ས
རྣོངས,藏文字符,,ར,ྣ,,,ོ,ང,ས
རྣོབས,藏文字符,,ར,ྣ,,,ོ,བ,ས
རྣོམས,藏文字符,,ར,ྣ,,,ོ,མ,ས
རྦགས,藏文字符,,ར,ྦ,,,,ག,ས
རྦངས,藏文字符,,ར,ྦ,,,,ང,ས
རྦབས,藏文字符,,ར,ྦ,,,,བ,ས
རྦམས,藏文字符,,ར,ྦ,,,,མ,ས
རྦིགས,藏文字符,,ར,ྦ,,,ི,ག,ས
རྦིངས,藏文字符,,ར,ྦ,,,ི,ང,ས
རྦིབས,藏文字符,,ར,ྦ,,,ི,བ,ས
རྦིམས,藏文字符,,ར,ྦ,,,ི,མ,ས
རྦུགས,藏文字符,,ར,ྦ,,,ུ,ག,ས
རྦུངས,藏文字符,,ར,ྦ,,,ུ,ང,ས
རྦུབས,藏文字符,,ར,ྦ,,,ུ,བ,ས
རྦུམས,藏文字符,,ར,ྦ,,,ུ,མ,ས
རྦེགས,藏文字符,,ར,ྦ,,,ེ,ག,ས
རྦེངས,藏文字符,,ར,ྦ,,,ེ,ང,ས
རྦེབས,藏文字符,,ར,ྦ,,,ེ,བ,ས
རྦེམས,藏文字符,,ར,ྦ,,,ེ,མ,ས
རྦོགས,藏文字符,,ར,ྦ,,,ོ,ག,ས
རྦོངས,藏文字符,,ར,ྦ,,,ོ,ང,ས
རྦོབས,藏文字符,,ར,ྦ,,,ོ,བ,ས
རྦོམས,藏文字符,,ར,ྦ,,,ོ,མ,ས
རྨགས,藏文字符,,ར,ྨ,,,,ག,ས
རྨངས,藏文字符,,ར,ྨ,,,,ང,ས
རྨབས,藏文字符,,ར,ྨ,,,,བ,ས
རྨམས,藏文字符,,ར,ྨ,,,,མ,ས
རྨིགས,藏文字符,,ར,ྨ,,,ི,ག,ས
རྨིངས,藏文字符,,ར,ྨ,,,ི,ང,ས
རྨིབས,藏文字符,,ར,ྨ,,,ི,བ,ས
རྨིམས,藏文字符,,ར,ྨ,,,ི,མ,ས
རྨུགས,藏文字符,,ར,ྨ,,,ུ,ག,ས
རྨུངས,藏文字符,,ར,ྨ,,,ུ,ང,ས
རྨུབས,藏文字符,,ར,ྨ,,,ུ,བ,ས
རྨུམས,藏文字符,,ར,ྨ,,,ུ,མ,ས
རྨེགས,藏文字符,,ར,ྨ,,,ེ,ག,ས
རྨེངས,藏文字符,,ར,ྨ,,,ེ,ང,ས
རྨེབས,藏文字符,,ར,ྨ,,,ེ,བ,ས
རྨེམས,藏文字符,,ར,ྨ,,,ེ,མ,ས
རྨོགས,藏文字符,,ར,ྨ,,,ོ,ག,ས
རྨོངས,藏文字符,,ར,ྨ,,,ོ,ང,ས
རྨོབས,藏文字符,,ར,ྨ,,,ོ,བ,ས
རྨོམས,藏文字符,,ར,ྨ,,,ོ,མ,ས
རྩགས,藏文字符,,ར,ྩ,,,,ག,ས
རྩངས,藏文字符,,ར,ྩ,,,,ང,ས
རྩབས,藏文字符,,ར,ྩ,,,,བ,ས
རྩམས,藏文字符,,ར,ྩ,,,,མ,ས
རྩིགས,藏文字符,,ར,ྩ,,,ི,ག,ས
རྩིངས,藏文字符,,ར,ྩ,,,ི,ང,ས
རྩིབས,藏文字符,,ར,ྩ,,,ི,བ,ས
རྩིམས,藏文字符,,ར,ྩ,,,ི,མ,ས
རྩུགས,藏文字符,,ར,ྩ,,,ུ,ག,ས
རྩུངས,藏文字符,,ར,ྩ,,,ུ,ང,ས
རྩུབས,藏文字符,,ར,ྩ,,,ུ,བ,ས
རྩུམས,藏文字符,,ར,ྩ,,,ུ,མ,ས
རྩེགས,藏文字符,,ར,ྩ,,,ེ,ག,ས
རྩེངས,藏文字符,,ར,ྩ,,,ེ,ང,ས
རྩེབས,藏文字符,,ར,ྩ,,,ེ,བ,ས
རྩེམས,藏文字符,,ར,ྩ,,,ེ,མ,ས
རྩོགས,藏文字符,,ར,ྩ,,,ོ,ག,ས
རྩོངས,藏文字符,,ར,ྩ,,,ོ,ང,ས
རྩོབས,藏文字符,,ར,ྩ,,,ོ,བ,ས
རྩོམས,藏文字符,,ར,ྩ,,,ོ,མ,ས
རྫགས,藏文字符,,ར,ྫ,,,,ག,ས
རྫངས,藏文字符,,ར,ྫ,,,,ང,ས
རྫབས,藏文字符,,ར,ྫ,,,,བ,ས
རྫམས,藏文字符,,ར,ྫ,,,,མ,ས
རྫིགས,藏文字符,,ར,ྫ,,,ི,ག,ས
རྫིངས,藏文字符,,ར,ྫ,,,ི,ང,ས
རྫིབས,藏文字符,,ར,ྫ,,,ི,བ,ས
རྫིམས,藏文字符,,ར,ྫ,,,ི,མ,ས
རྫུགས,藏文字符,,ར,ྫ,,,ུ,ག,ས
རྫུངས,藏文字符,,ར,ྫ,,,ུ,ང,ས
རྫུབས,藏文字符,,ར,ྫ,,,ུ,བ,ས
རྫུམས,藏文字符,,ར,ྫ,,,ུ,མ,ས
རྫེགས,藏文字符,,ར,ྫ,,,ེ,ག,ས
རྫེངས,藏文字符,,ར,ྫ,,,ེ,ང,ས
རྫེབས,藏文字符,,ར,ྫ,,,ེ,བ,ས
རྫེམས,藏文字符,,ར,ྫ,,,ེ,མ,ས
རྫོགས,藏文字符,,ར,ྫ,,,ོ,ག,ས
རྫོངས,藏文字符,,ར,ྫ,,,ོ,ང,ས
རྫོབས,藏文字符,,ར,ྫ,,,ོ,བ,ས
རྫོམས,藏文字符,,ར,ྫ,,,ོ,མ,ས
ལྐགས,藏文字符,,ལ,ྐ,,,,ག,ས
ལྐངས,藏文字符,,ལ,ྐ,,,,ང,ས
ལྐབས,藏文字符,,ལ,ྐ,,,,བ,ས
ལྐམས,藏文字符,,ལ,ྐ,,,,མ,ས
ལྐིགས,藏文字符,,ལ,ྐ,,,ི,ག,ས
ལྐིངས,藏文字符,,ལ,ྐ,,,ི,ང,ས
ལྐིབས,藏文字符,,ལ,ྐ,,,ི,བ,ས
ལྐིམས,藏文字符,,ལ,ྐ,,,ི,མ,ས
ལྐུགས,藏文字符,,ལ,ྐ,,,ུ,ག,ས
ལྐུངས,藏文字符,,ལ,ྐ,,,ུ,ང,ས
ལྐུབས,藏文字符,,ལ,ྐ,,,ུ,བ,ས
ལྐུམས,藏文字符,,ལ,ྐ,,,ུ,མ,ས
ལྐེགས,藏文字符,,ལ,ྐ,,,ེ,ག,ས
ལྐེངས,藏文字符,,ལ,ྐ,,,ེ,ང,ས
ལྐེབས,藏文字符,,ལ,ྐ,,,ེ,བ,ས
ལྐེམས,藏文字符,,ལ,ྐ,,,ེ,མ,ས
ལྐོགས,藏文字符,,ལ,ྐ,,,ོ,ག,ས
ལྐོངས,藏文字符,,ལ,ྐ,,,ོ,ང,ས
ལྐོབས,藏文字符,,ལ,ྐ,,,ོ,བ,ས
ལྐོམས,藏文字符,,ལ,ྐ,,,ོ,མ,ས
ལྒགས,藏文字符,,ལ,ྒ,,,,ག,ས
ལྒངས,藏文字符,,ལ,ྒ,,,,ང,ས
ལྒབས,藏文字符,,ལ,ྒ,,,,བ,ས
ལྒམས,藏文字符,,ལ,ྒ,,,,མ,ས
ལྒིགས,藏文字符,,ལ,ྒ,,,ི,ག,ས
ལྒིངས,藏文字符,,ལ,ྒ,,,ི,ང,ས
ལྒིབས,藏文字符,,ལ,ྒ,,,ི,བ,ས
ལྒིམས,藏文字符,,ལ,ྒ,,,ི,མ,ས
ལྒུགས,藏文字符,,ལ,ྒ,,,ུ,ག,ས
ལྒུངས,藏文字符,,ལ,ྒ,,,ུ,ང,ས
ལྒུབས,藏文字符,,ལ,ྒ,,,ུ,བ,ས
ལྒུམས,藏文字符,,ལ,ྒ,,,ུ,མ,ས
ལྒེགས,藏文字符,,ལ,ྒ,,,ེ,ག,ས
ལྒེངས,藏文字符,,ལ,ྒ,,,ེ,ང,ས
ལྒེབས,藏文字符,,ལ,ྒ,,,ེ,བ,ས
ལྒེམས,藏文字符,,ལ,ྒ,,,ེ,མ,ས
ལྒོགས,藏文字符,,ལ,ྒ,,,ོ,ག,ས
ལྒོངས,藏文字符,,ལ,ྒ,,,ོ,ང,ས
ལྒོབས,藏文字符,,ལ,ྒ,,,ོ,བ,ས
ལྒོམས,藏文字符,,ལ,ྒ,,,ོ,མ,ས
ལྔགས,藏文字符,,ལ,ྔ,,,,ག,ས
ལྔངས,藏文字符,,ལ,ྔ,,,,ང,ས
ལྔབས,藏文字符,,ལ,ྔ,,,,བ,ས
ལྔམས,藏文字符,,ལ,ྔ,,,,མ,ས
ལྔིགས,藏文字符,,ལ,ྔ,,,ི,ག,ས
ལྔིངས,藏文字符,,ལ,ྔ,,,ི,ང,ས
ལྔིབས,藏文字符,,ལ,ྔ,,,ི,བ,ས
ལྔིམས,藏文字符,,ལ,ྔ,,,ི,མ,ས
ལྔུགས,藏文字符,,ལ,ྔ,,,ུ,ག,ས
ལྔུངས,藏文字符,,ལ,ྔ,,,ུ,ང,ས
ལྔུབས,藏文字符,,ལ,ྔ,,,ུ,བ,ས
ལྔུམས,藏文字符,,ལ,ྔ,,,ུ,མ,ས
ལྔེགས,藏文字符,,ལ,ྔ,,,ེ,ག,ས
ལྔེངས,藏文字符,,ལ,ྔ,,,ེ,ང,ས
ལྔེབས,藏文字符,,ལ,ྔ,,,ེ,བ,ས
ལྔེམས,藏文字符,,ལ,ྔ,,,ེ,མ,ས
ལྔོགས,藏文字符,,ལ,ྔ,,,ོ,ག,ས
ལྔོངས,藏文字符,,ལ,ྔ,,,ོ,ང,ས
ལྔོབས,藏文字符,,ལ,ྔ,,,ོ,བ,ས
ལྔོམས,藏文字符,,ལ,ྔ,,,ོ,མ,ས
ལྕགས,藏文字符,,ལ,ྕ,,,,ག,ས
ལྕངས,藏文字符,,ལ,ྕ,,,,ང,ས
ལྕབས,藏文字符,,ལ,ྕ,,,,བ,ས
ལྕམས,藏文字符,,ལ,ྕ,,,,མ,ས
ལྕིགས,藏文字符,,ལ,ྕ,,,ི,ག,ས
ལྕིངས,藏文字符,,ལ,ྕ,,,ི,ང,ས
ལྕིབས,藏文字符,,ལ,ྕ,,,ི,བ,ས
ལྕིམས,藏文字符,,ལ,ྕ,,,ི,མ,ས
ལྕུགས,藏文字符,,ལ,ྕ,,,ུ,ག,ས
ལྕུངས,藏文字符,,ལ,ྕ,,,ུ,ང,ས
ལྕུབས,藏文字符,,ལ,ྕ,,,ུ,བ,ས
ལྕུམས,藏文字符,,ལ,ྕ,,,ུ,མ,ས
ལྕེགས,藏文字符,,ལ,ྕ,,,ེ,ག,ས
ལྕེངས,藏文字符,,ལ,ྕ,,,ེ,ང,ས
ལྕེབས,藏文字符,,ལ,ྕ,,,ེ,བ,ས
ལྕེམས,藏文字符,,ལ,ྕ,,,ེ,མ,ས
ལྕོགས,藏文字符,,ལ,ྕ,,,ོ,ག,ས
ལྕོངས,藏文字符,,ལ,ྕ,,,ོ,ང,ས
ལྕོབས,藏文字符,,ལ,ྕ,,,ོ,བ,ས
ལྕོམས,藏文字符,,ལ,ྕ,,,ོ,མ,ས
ལྗགས,藏文字符,,ལ,ྗ,,,,ག,ས
ལྗངས,藏文字符,,ལ,ྗ,,,,ང,ས
ལྗབས,藏文字符,,ལ,ྗ,,,,བ,ས
ལྗམས,藏文字符,,ལ,ྗ,,,,མ,ས
ལྗིགས,藏文字符,,ལ,ྗ,,,ི,ག,ས
ལྗིངས,藏文字符,,ལ,ྗ,,,ི,ང,ས
ལྗིབས,藏文字符,,ལ,ྗ,,,ི,བ,ས
ལྗིམས,藏文字符,,ལ,ྗ,,,ི,མ,ས
ལྗུགས,藏文字符,,ལ,ྗ,,,ུ,ག,ས
ལྗུངས,藏文字符,,ལ,ྗ,,,ུ,ང,ས
ལྗུབས,藏文字符,,ལ,ྗ,,,ུ,བ,ས
ལྗུམས,藏文字符,,ལ,ྗ,,,ུ,མ,ས
ལྗེགས,藏文字符,,ལ,ྗ,,,ེ,ག,ས
ལྗེངས,藏文字符,,ལ,ྗ,,,ེ,ང,ས
ལྗེབས,藏文字符,,ལ,ྗ,,,ེ,བ,ས
ལྗེམས,藏文字符,,ལ,ྗ,,,ེ,མ,ས
ལྗོགས,藏文字符,,ལ,ྗ,,,ོ,ག,ས
ལྗོངས,藏文字符,,ལ,ྗ,,,ོ,ང,ས
ལྗོབས,藏文字符,,ལ,ྗ,,,ོ,བ,ས
ལྗོམས,藏文字符,,ལ,ྗ,,,ོ,མ,ས
ལྟགས,藏文字符,,ལ,ྟ,,,,ག,ས
ལྟངས,藏文字符,,ལ,ྟ,,,,ང,ས
ལྟབས,藏文字符,,ལ,ྟ,,,,བ,ས
ལྟམས,藏文字符,,ལ,ྟ,,,,མ,ས
ལྟིགས,藏文字符,,ལ,ྟ,,,ི,ག,ས
ལྟིངས,藏文字符,,ལ,ྟ,,,ི,ང,ས
ལྟིབས,藏文字符,,ལ,ྟ,,,ི,བ,ས
ལྟིམས,藏文字符,,ལ,ྟ,,,ི,མ,ས
ལྟུགས,藏文字符,,ལ,ྟ,,,ུ,ག,ས
ལྟུངས,藏文字符,,ལ,ྟ,,,ུ,ང,ས
ལྟུབས,藏文字符,,ལ,ྟ,,,ུ,བ,ས
ལྟུམས,藏文字符,,ལ,ྟ,,,ུ,མ,ས
ལྟེགས,藏文字符,,ལ,ྟ,,,ེ,ག,ས
ལྟེངས,藏文字符,,ལ,ྟ,,,ེ,ང,ས
ལྟེབས,藏文字符,,ལ,ྟ,,,ེ,བ,ས
ལྟེམས,藏文字符,,ལ,ྟ,,,ེ,མ,ས
ལྟོགས,藏文字符,,ལ,ྟ,,,ོ,ག,ས
ལྟོངས,藏文字符,,ལ,ྟ,,,ོ,ང,ས
ལྟོབས,藏文字符,,ལ,ྟ,,,ོ,བ,ས
ལྟོམས,藏文字符,,ལ,ྟ,,,ོ,མ,ས
ལྡགས,藏文字符,,ལ,ྡ,,,,ག,ས
ལྡངས,藏文字符,,ལ,ྡ,,,,ང,ས
ལྡབས,藏文字符,,ལ,ྡ,,,,བ,ས
ལྡམས,藏文字符,,ལ,ྡ,,,,མ,ས
ལྡིགས,藏文字符,,ལ,ྡ,,,ི,ག,ས
ལྡིངས,藏文字符,,ལ,ྡ,,,ི,ང,ས
ལྡིབས,藏文字符,,ལ,ྡ,,,ི,བ,ས
ལྡིམས,藏文字符,,ལ,ྡ,,,ི,མ,ས
ལྡུགས,藏文字符,,ལ,ྡ,,,ུ,ག,ས
ལྡུངས,藏文字符,,ལ,ྡ,,,ུ,ང,ས
ལྡུབས,藏文字符,,ལ,ྡ,,,ུ,བ,ས
ལྡུམས,藏文字符,,ལ,ྡ,,,ུ,མ,ས
ལྡེགས,藏文字符,,ལ,ྡ,,,ེ,ག,ས
ལྡེངས,藏文字符,,ལ,ྡ,,,ེ,ང,ས
ལྡེབས,藏文字符,,ལ,ྡ,,,ེ,བ,ས
ལྡེམས,藏文字符,,ལ,ྡ,,,ེ,མ,ས
ལྡོགས,藏文字符,,ལ,ྡ,,,ོ,ག,ས
ལྡོངས,藏文字符,,ལ,ྡ,,,ོ,ང,ས
ལྡོབས,藏文字符,,ལ,ྡ,,,ོ,བ,ས
ལྡོམས,藏文字符,,ལ,ྡ,,,ོ,མ,ས
ལྤགས,藏文字符,,ལ,ྤ,,,,ག,ས
ལྤངས,藏文字符,,ལ,ྤ,,,,ང,ས
ལྤབས,藏文字符,,ལ,ྤ,,,,བ,ས
ལྤམས,藏文字符,,ལ,ྤ,,,,མ,ས
ལྤིགས,藏文字符,,ལ,ྤ,,,ི,ག,ས
ལྤིངས,藏文字符,,ལ,ྤ,,,ི,ང,ས
ལྤིབས,藏文字符,,ལ,ྤ,,,ི,བ,ས
ལྤིམས,藏文字符,,ལ,ྤ,,,ི,མ,ས
ལྤུགས,藏文字符,,ལ,ྤ,,,ུ,ག,ས
ལྤུངས,藏文字符,,ལ,ྤ,,,ུ,ང,ས
ལྤུབས,藏文字符,,ལ,ྤ,,,ུ,བ,ས
ལྤུམས,藏文字符,,ལ,ྤ,,,ུ,མ,ས
ལྤེགས,藏文字符,,ལ,ྤ,,,ེ,ག,ས
ལྤེངས,藏文字符,,ལ,ྤ,,,ེ,ང,ས
ལྤེབས,藏文字符,,ལ,ྤ,,,ེ,བ,ས
ལྤེམས,藏文字符,,ལ,ྤ,,,ེ,མ,ས
ལྤོགས,藏文字符,,ལ,ྤ,,,ོ,ག,ས
ལྤོངས,藏文字符,,ལ,ྤ,,,ོ,ང,ས
ལྤོབས,藏文字符,,ལ,ྤ,,,ོ,བ,ས
ལྤོམས,藏文字符,,ལ,ྤ,,,ོ,མ,ས
ལྦགས,藏文字符,,ལ,ྦ,,,,ག,ས
ལྦངས,藏文字符,,ལ,ྦ,,,,ང,ས
ལྦབས,藏文字符,,ལ,ྦ,,,,བ,ས
ལྦམས,藏文字符,,ལ,ྦ,,,,མ,ས
ལྦིགས,藏文字符,,ལ,ྦ,,,ི,ག,ས
ལྦིངས,藏文字符,,ལ,ྦ,,,ི,ང,ས
ལྦིབས,藏文字符,,ལ,ྦ,,,ི,བ,ས
ལྦིམས,藏文字符,,ལ,ྦ,,,ི,མ,ས
ལྦུགས,藏文字符,,ལ,ྦ,,,ུ,ག,ས
ལྦུངས,藏文字符,,ལ,ྦ,,,ུ,ང,ས
ལྦུབས,藏文字符,,ལ,ྦ,,,ུ,བ,ས
ལྦུམས,藏文字符,,ལ,ྦ,,,ུ,མ,ས
ལྦེགས,藏文字符,,ལ,ྦ,,,ེ,ག,ས
ལྦེངས,藏文字符,,ལ,ྦ,,,ེ,ང,ས
ལྦེབས,藏文字符,,ལ,ྦ,,,ེ,བ,ས
ལྦེམས,藏文字符,,ལ,ྦ,,,ེ,མ,ས
ལྦོགས,藏文字符,,ལ,ྦ,,,ོ,ག,ས
ལྦོངས,藏文字符,,ལ,ྦ,,,ོ,ང,ས
ལྦོབས,藏文字符,,ལ,ྦ,,,ོ,བ,ས
ལྦོམས,藏文字符,,ལ,ྦ,,,ོ,མ,ས
ལྷགས,藏文字符,,ལ,ྷ,,,,ག,ས
ལྷངས,藏文字符,,ལ,ྷ,,,,ང,ས
ལྷབས,藏文字符,,ལ,ྷ,,,,བ,ས
ལྷམས,藏文字符,,ལ,ྷ,,,,མ,ས
ལྷིགས,藏文字符,,ལ,ྷ,,,ི,ག,ས
ལྷིངས,藏文字符,,ལ,ྷ,,,ི,ང,ས
ལྷིབས,藏文字符,,ལ,ྷ,,,ི,བ,ས
ལྷིམས,藏文字符,,ལ,ྷ,,,ི,མ,ས
ལྷུགས,藏文字符,,ལ,ྷ,,,ུ,ག,ས
ལྷུངས,藏文字符,,ལ,ྷ,,,ུ,ང,ས
ལྷུབས,藏文字符,,ལ,ྷ,,,ུ,བ,ས
ལྷུམས,藏文字符,,ལ,ྷ,,,ུ,མ,ས
ལྷེགས,藏文字符,,ལ,ྷ,,,ེ,ག,ས
ལྷེངས,藏文字符,,ལ,ྷ,,,ེ,ང,ས
ལྷེབས,藏文字符,,ལ,ྷ,,,ེ,བ,ས
ལྷེམས,藏文字符,,ལ,ྷ,,,ེ,མ,ས
ལྷོགས,藏文字符,,ལ,ྷ,,,ོ,ག,ས
ལྷོངས,藏文字符,,ལ,ྷ,,,ོ,ང,ས
ལྷོབས,藏文字符,,ལ,ྷ,,,ོ,བ,ས
ལྷོམས,藏文字符,,ལ,ྷ,,,ོ,མ,ས
སྐགས,藏文字符,,ས,ྐ,,,,ག,ས
སྐངས,藏文字符,,ས,ྐ,,,,ང,ས
སྐབས,藏文字符,,ས,ྐ,,,,བ,ས
སྐམས,藏文字符,,ས,ྐ,,,,མ,ས
སྐིགས,藏文字符,,ས,ྐ,,,ི,ག,ས
སྐིངས,藏文字符,,ས,ྐ,,,ི,ང,ས
སྐིབས,藏文字符,,ས,ྐ,,,ི,བ,ས
སྐིམས,藏文字符,,ས,ྐ,,,ི,མ,ས
སྐུགས,藏文字符,,ས,ྐ,,,ུ,ག,ས
སྐུངས,藏文字符,,ས,ྐ,,,ུ,ང,ས
སྐུབས,藏文字符,,ས,ྐ,,,ུ,བ,ས
སྐུམས,藏文字符,,ས,ྐ,,,ུ,མ,ས
སྐེགས,藏文字符,,ས,ྐ,,,ེ,ག,ས
སྐེངས,藏文字符,,ས,ྐ,,,ེ,ང,ས
སྐེབས,藏文字符,,ས,ྐ,,,ེ,བ,ས
སྐེམས,藏文字符,,ས,ྐ,,,ེ,མ,ས
སྐོགས,藏文字符,,ས,ྐ,,,ོ,ག,ས
སྐོངས,藏文字符,,ས,ྐ,,,ོ,ང,ས
སྐོབས,藏文字符,,ས,ྐ,,,ོ,བ,ས
སྐོམས,藏文字符,,ས,ྐ,,,ོ,མ,ས
སྒགས,藏文字符,,ས,ྒ,,,,ག,ས
སྒངས,藏文字符,,ས,ྒ,,,,ང,ས
སྒབས,藏文字符,,ས,ྒ,,,,བ,ས
སྒམས,藏文字符,,ས,ྒ,,,,མ,ས
སྒིགས,藏文字符,,ས,ྒ,,,ི,ག,ས
སྒིངས,藏文字符,,ས,ྒ,,,ི,ང,ས
སྒིབས,藏文字符,,ས,ྒ,,,ི,བ,ས
སྒིམས,藏文字符,,ས,ྒ,,,ི,མ,ས
སྒུགས,藏文字符,,ས,ྒ,,,ུ,ག,ས
སྒུངས,藏文字符,,ས,ྒ,,,ུ,ང,ས
སྒུབས,藏文字符,,ས,ྒ,,,ུ,བ,ས
སྒུམས,藏文字符,,ས,ྒ,,,ུ,མ,ས
སྒེགས,藏文字符,,ས,ྒ,,,ེ,ག,ས
སྒེངས,藏文字符,,ས,ྒ,,,ེ,ང,ས
སྒེབས,藏文字符,,ས,ྒ,,,ེ,བ,ས
སྒེམས,藏文字符,,ས,ྒ,,,ེ,མ,ས
སྒོགས,藏文字符,,ས,ྒ,,,ོ,ག,ས
སྒོངས,藏文字符,,ས,ྒ,,,ོ,ང,ས
སྒོབས,藏文字符,,ས,ྒ,,,ོ,བ,ས
སྒོམས,藏文字符,,ས,ྒ,,,ོ,མ,ས
སྔགས,藏文字符,,ས,ྔ,,,,ག,ས
སྔངས,藏文字符,,ས,ྔ,,,,ང,ས
སྔབས,藏文字符,,ས,ྔ,,,,བ,ས
སྔམས,藏文字符,,ས,ྔ,,,,མ,ས
སྔིགས,藏文字符,,ས,ྔ,,,ི,ག,ས
སྔིངས,藏文字符,,ས,ྔ,,,ི,ང,ས
སྔིབས,藏文字符,,ས,ྔ,,,ི,བ,ས
སྔིམས,藏文字符,,ས,ྔ,,,ི,མ,ས
སྔུགས,藏文字符,,ས,ྔ,,,ུ,ག,ས
སྔུངས,藏文字符,,ས,ྔ,,,ུ,ང,ས
སྔུབས,藏文字符,,ས,ྔ,,,ུ,བ,ས
སྔུམས,藏文字符,,ས,ྔ,,,ུ,མ,ས
སྔེགས,藏文字符,,ས,ྔ,,,ེ,ག,ས
སྔེངས,藏文字符,,ས,ྔ,,,ེ,ང,ས
སྔེབས,藏文字符,,ས,ྔ,,,ེ,བ,ས
སྔེམས,藏文字符,,ས,ྔ,,,ེ,མ,ས
སྔོགས,藏文字符,,ས,ྔ,,,ོ,ག,ས
སྔོངས,藏文字符,,ས,ྔ,,,ོ,ང,ས
སྔོབས,藏文字符,,ས,ྔ,,,ོ,བ,ས
སྔོམས,藏文字符,,ས,ྔ,,,ོ,མ,ས
སྙགས,藏文字符,,ས,ྙ,,,,ག,ས
སྙངས,藏文字符,,ས,ྙ,,,,ང,ས
སྙབས,藏文字符,,ས,ྙ,,,,བ,ས
སྙམས,藏文字符,,ས,ྙ,,,,མ,ས
སྙིགས,藏文字符,,ས,ྙ,,,ི,ག,ས
སྙིངས,藏文字符,,ས,ྙ,,,ི,ང,ས
སྙིབས,藏文字符,,ས,ྙ,,,ི,བ,ས
སྙིམས,藏文字符,,ས,ྙ,,,ི,མ,ས
སྙུགས,藏文字符,,ས,ྙ,,,ུ,ག,ས
སྙུངས,藏文字符,,ས,ྙ,,,ུ,ང,ས
སྙུབས,藏文字符,,ས,ྙ,,,ུ,བ,ས
སྙུམས,藏文字符,,ས,ྙ,,,ུ,མ,ས
སྙེགས,藏文字符,,ས,ྙ,,,ེ,ག,ས
སྙེངས,藏文字符,,ས,ྙ,,,ེ,ང,ས
སྙེབས,藏文字符,,ས,ྙ,,,ེ,བ,ས
སྙེམས,藏文字符,,ས,ྙ,,,ེ,མ,ས
སྙོགས,藏文字符,,ས,ྙ,,,ོ,ག,ས
སྙོངས,藏文字符,,ས,ྙ,,,ོ,ང,ས
སྙོབས,藏文字符,,ས,ྙ,,,ོ,བ,ས
སྙོམས,藏文字符,,ས,ྙ,,,ོ,མ,ས
སྟགས,藏文字符,,ས,ྟ,,,,ག,ས
སྟངས,藏文字符,,ས,ྟ,,,,ང,ས
སྟབས,藏文字符,,ས,ྟ,,,,བ,ས
སྟམས,藏文字符,,ས,ྟ,,,,མ,ས
སྟིགས,藏文字符,,ས,ྟ,,,ི,ག,ས
སྟིངས,藏文字符,,ས,ྟ,,,ི,ང,ས
སྟིབས,藏文字符,,ས,ྟ,,,ི,བ,ས
སྟིམས,藏文字符,,ས,ྟ,,,ི,མ,ས
སྟུགས,藏文字符,,ས,ྟ,,,ུ,ག,ས
སྟུངས,藏文字符,,ས,ྟ,,,ུ,ང,ས
སྟུབས,藏文字符,,ས,ྟ,,,ུ,བ,ས
སྟུམས,藏文字符,,ས,ྟ,,,ུ,མ,ས
སྟེགས,藏文字符,,ས,ྟ,,,ེ,ག,ས
སྟེངས,藏文字符,,ས,ྟ,,,ེ,ང,ས
སྟེབས,藏文字符,,ས,ྟ,,,ེ,བ,ས
སྟེམས,藏文字符,,ས,ྟ,,,ེ,མ,ས
སྟོགས,藏文字符,,ས,ྟ,,,ོ,ག,ས
སྟོངས,藏文字符,,ས,ྟ,,,ོ,ང,ས
སྟོབས,藏文字符,,ས,ྟ,,,ོ,བ,ས
སྟོམས,藏文字符,,ས,ྟ,,,ོ,མ,ས
སྡགས,藏文字符,,ས,ྡ,,,,ག,ས
སྡངས,藏文字符,,ས,ྡ,,,,ང,ས
སྡབས,藏文字符,,ས,ྡ,,,,བ,ས
སྡམས,藏文字符,,ས,ྡ,,,,མ,ས
སྡིགས,藏文字符,,ས,ྡ,,,ི,ག,ས
སྡིངས,藏文字符,,ས,ྡ,,,ི,ང,ས
སྡིབས,藏文字符,,ས,ྡ,,,ི,བ,ས
སྡིམས,藏文字符,,ས,ྡ,,,ི,མ,ས
སྡུགས,藏文字符,,ས,ྡ,,,ུ,ག,ས
སྡུངས,藏文字符,,ས,ྡ,,,ུ,ང,ས
སྡུབས,藏文字符,,ས,ྡ,,,ུ,བ,ས
སྡུམས,藏文字符,,ས,ྡ,,,ུ,མ,ས
སྡེགས,藏文字符,,ས,ྡ,,,ེ,ག,ས
སྡེངས,藏文字符,,ས,ྡ,,,ེ,ང,ས
སྡེབས,藏文字符,,ས,ྡ,,,ེ,བ,ས
སྡེམས,藏文字符,,ས,ྡ,,,ེ,མ,ས
སྡོགས,藏文字符,,ས,ྡ,,,ོ,ག,ས
སྡོངས,藏文字符,,ས,ྡ,,,ོ,ང,ས
སྡོབས,藏文字符,,ས,ྡ,,,ོ,བ,ས
སྡོམས,藏文字符,,ས,ྡ,,,ོ,མ,ས
སྣགས,藏文字符,,ས,ྣ,,,,ག,ས
སྣངས,藏文字符,,ས,ྣ,,,,ང,ས
སྣབས,藏文字符,,ས,ྣ,,,,བ,ས
སྣམས,藏文字符,,ས,ྣ,,,,མ,ས
སྣིགས,藏文字符,,ས,ྣ,,,ི,ག,ས
སྣིངས,藏文字符,,ས,ྣ,,,ི,ང,ས
སྣིབས,藏文字符,,ས,ྣ,,,ི,བ,ས
སྣིམས,藏文字符,,ས,ྣ,,,ི,མ,ས
སྣུགས,藏文字符,,ས,ྣ,,,ུ,ག,ས
སྣུངས,藏文字符,,ས,ྣ,,,ུ,ང,ས
སྣུབས,藏文字符,,ས,ྣ,,,ུ,བ,ས
སྣུམས,藏文字符,,ས,ྣ,,,ུ,མ,ས
སྣེགས,藏文字符,,ས,ྣ,,,ེ,ག,ས
སྣེངས,藏文字符,,ས,ྣ,,,ེ,ང,ས
སྣེབས,藏文字符,,ས,ྣ,,,ེ,བ,ས
སྣེམས,藏文字符,,ས,ྣ,,,ེ,མ,ས
སྣོགས,藏文字符,,ས,ྣ,,,ོ,ག,ས
སྣོངས,藏文字符,,ས,ྣ,,,ོ,ང,ས
སྣོབས,藏文字符,,ས,ྣ,,,ོ,བ,ས
སྣོམས,藏文字符,,ས,ྣ,,,ོ,མ,ས
སྤགས,藏文字符,,ས,ྤ,,,,ག,ས
སྤངས,藏文字符,,ས,ྤ,,,,ང,ས
སྤབས,藏文字符,,ས,ྤ,,,,བ,ས
སྤམས,藏文字符,,ས,ྤ,,,,མ,ས
སྤིགས,藏文字符,,ས,ྤ,,,ི,ག,ས
སྤིངས,藏文字符,,ས,ྤ,,,ི,ང,ས
སྤིབས,藏文字符,,ས,ྤ,,,ི,བ,ས
སྤིམས,藏文字符,,ས,ྤ,,,ི,མ,ས
སྤུགས,藏文字符,,ས,ྤ,,,ུ,ག,ས
སྤུངས,藏文字符,,ས,ྤ,,,ུ,ང,ས
སྤུབས,藏文字符,,ས,ྤ,,,ུ,བ,ས
སྤུམས,藏文字符,,ས,ྤ,,,ུ,མ,ས
སྤེགས,藏文字符,,ས,ྤ,,,ེ,ག,ས
སྤེངས,藏文字符,,ས,ྤ,,,ེ,ང,ས
སྤེབས,藏文字符,,ས,ྤ,,,ེ,བ,ས
སྤེམས,藏文字符,,ས,ྤ,,,ེ,མ,ས
སྤོགས,藏文字符,,ས,ྤ,,,ོ,ག,ས
སྤོངས,藏文字符,,ས,ྤ,,,ོ,ང,ས
སྤོབས,藏文字符,,ས,ྤ,,,ོ,བ,ས
སྤོམས,藏文字符,,ས,ྤ,,,ོ,མ,ས
སྦགས,藏文字符,,ས,ྦ,,,,ག,ས
སྦངས,藏文字符,,ས,ྦ,,,,ང,ས
སྦབས,藏文字符,,ས,ྦ,,,,བ,ས
སྦམས,藏文字符,,ས,ྦ,,,,མ,ས
སྦིགས,藏文字符,,ས,ྦ,,,ི,ག,ས
སྦིངས,藏文字符,,ས,ྦ,,,ི,ང,ས
སྦིབས,藏文字符,,ས,ྦ,,,ི,བ,ས
སྦིམས,藏文字符,,ས,ྦ,,,ི,མ,ས
སྦུགས,藏文字符,,ས,ྦ,,,ུ,ག,ས
སྦུངས,藏文字符,,ས,ྦ,,,ུ,ང,ས
སྦུབས,藏文字符,,ས,ྦ,,,ུ,བ,ས
སྦུམས,藏文字符,,ས,ྦ,,,ུ,མ,ས
སྦེགས,藏文字符,,ས,ྦ,,,ེ,ག,ས
སྦེངས,藏文字符,,ས,ྦ,,,ེ,ང,ས
སྦེབས,藏文字符,,ས,ྦ,,,ེ,བ,ས
སྦེམས,藏文字符,,ས,ྦ,,,ེ,མ,ས
སྦོགས,藏文字符,,ས,ྦ,,,ོ,ག,ས
སྦོངས,藏文字符,,ས,ྦ,,,ོ,ང,ས
སྦོབས,藏文字符,,ས,ྦ,,,ོ,བ,ས
སྦོམས,藏文字符,,ས,ྦ,,,ོ,མ,ས
སྨགས,藏文字符,,ས,ྨ,,,,ག,ས
སྨངས,藏文字符,,ས,ྨ,,,,ང,ས
སྨབས,藏文字符,,ས,ྨ,,,,བ,ས
སྨམས,藏文字符,,ས,ྨ,,,,མ,ས
སྨིགས,藏文字符,,ས,ྨ,,,ི,ག,ས
སྨིངས,藏文字符,,ས,ྨ,,,ི,ང,ས
སྨིབས,藏文字符,,ས,ྨ,,,ི,བ,ས
སྨིམས,藏文字符,,ས,ྨ,,,ི,མ,ས
སྨུགས,藏文字符,,ས,ྨ,,,ུ,ག,ས
སྨུངས,藏文字符,,ས,ྨ,,,ུ,ང,ས
སྨུབས,藏文字符,,ས,ྨ,,,ུ,བ,ས
སྨུམས,藏文字符,,ས,ྨ,,,ུ,མ,ས
སྨེགས,藏文字符,,ས,ྨ,,,ེ,ག,ས
སྨེངས,藏文字符,,ས,ྨ,,,ེ,ང,ས
སྨེབས,藏文字符,,ས,ྨ,,,ེ,བ,ས
སྨེམས,藏文字符,,ས,ྨ,,,ེ,མ,ས
སྨོགས,藏文字符,,ས,ྨ,,,ོ,ག,ས
སྨོངས,藏文字符,,ས,ྨ,,,ོ,ང,ས
སྨོབས,藏文字符,,ས,ྨ,,,ོ,བ,ས
སྨོམས,藏文字符,,ས,ྨ,,,ོ,མ,ས
སྩགས,藏文字符,,ས,ྩ,,,,ག,ས
སྩངས,藏文字符,,ས,ྩ,,,,ང,ས
སྩབས,藏文字符,,ས,ྩ,,,,བ,ས
སྩམས,藏文字符,,ས,ྩ,,,,མ,ས
སྩིགས,藏文字符,,ས,ྩ,,,ི,ག,ས
སྩིངས,藏文字符,,ས,ྩ,,,ི,ང,ས
སྩིབས,藏文字符,,ས,ྩ,,,ི,བ,ས
སྩིམས,藏文字符,,ས,ྩ,,,ི,མ,ས
སྩུགས,藏文字符,,ས,ྩ,,,ུ,ག,ས
སྩུངས,藏文字符,,ས,ྩ,,,ུ,ང,ས
སྩུབས,藏文字符,,ས,ྩ,,,ུ,བ,ས
སྩུམས,藏文字符,,ས,ྩ,,,ུ,མ,ས
སྩེགས,藏文字符,,ས,ྩ,,,ེ,ག,ས
སྩེངས,藏文字符,,ས,ྩ,,,ེ,ང,ས
སྩེབས,藏文字符,,ས,ྩ,,,ེ,བ,ས
སྩེམས,藏文字符,,ས,ྩ,,,ེ,མ,ས
སྩོགས,藏文字符,,ས,ྩ,,,ོ,ག,ས
སྩོངས,藏文字符,,ས,ྩ,,,ོ,ང,ས
སྩོབས,藏文字符,,ས,ྩ,,,ོ,བ,ས
སྩོམས,藏文字符,,ས,ྩ,,,ོ,མ,ས
ཀྱགས,藏文字符,,,ཀ,ྱ,,,ག,ས
ཀྱངས,藏文字符,,,ཀ,ྱ,,,ང,ས
ཀྱབས,藏文字符,,,ཀ,ྱ,,,བ,ས
ཀྱམས,藏文字符,,,ཀ,ྱ,,,མ,ས
ཀྱིགས,藏文字符,,,ཀ,ྱ,,ི,ག,ས
ཀྱིངས,藏文字符,,,ཀ,ྱ,,ི,ང,ས
ཀྱིབས,藏文字符,,,ཀ,ྱ,,ི,བ,ས
ཀྱིམས,藏文字符,,,ཀ,ྱ,,ི,མ,ས
ཀྱུགས,藏文字符,,,ཀ,ྱ,,ུ,ག,ས
ཀྱུངས,藏文字符,,,ཀ,ྱ,,ུ,ང,ས
ཀྱུབས,藏文字符,,,ཀ,ྱ,,ུ,བ,ས
ཀྱུམས,藏文字符,,,ཀ,ྱ,,ུ,མ,ས
ཀྱེགས,藏文字符,,,ཀ,ྱ,,ེ,ག,ས
ཀྱེངས,藏文字符,,,ཀ,ྱ,,ེ,ང,ས
ཀྱེབས,藏文字符,,,ཀ,ྱ,,ེ,བ,ས
ཀྱེམས,藏文字符,,,ཀ,ྱ,,ེ,མ,ས
ཀྱོགས,藏文字符,,,ཀ,ྱ,,ོ,ག,ས
ཀྱོངས,藏文字符,,,ཀ,ྱ,,ོ,ང,ས
ཀྱོབས,藏文字符,,,ཀ,ྱ,,ོ,བ,ས
ཀྱོམས,藏文字符,,,ཀ,ྱ,,ོ,མ,ས
ཁྱགས,藏文字符,,,ཁ,ྱ,,,ག,ས
ཁྱངས,藏文字符,,,ཁ,ྱ,,,ང,ས
ཁྱབས,藏文字符,,,ཁ,ྱ,,,བ,ས
ཁྱམས,藏文字符,,,ཁ,ྱ,,,མ,ས
ཁྱིགས,藏文字符,,,ཁ,ྱ,,ི,ག,ས
ཁྱིངས,藏文字符,,,ཁ,ྱ,,ི,ང,ས
ཁྱིབས,藏文字符,,,ཁ,ྱ,,ི,བ,ས
ཁྱིམས,藏文字符,,,ཁ,ྱ,,ི,མ,ས
ཁྱུགས,藏文字符,,,ཁ,ྱ,,ུ,ག,ས
ཁྱུངས,藏文字符,,,ཁ,ྱ,,ུ,ང,ས
ཁྱུབས,藏文字符,,,ཁ,ྱ,,ུ,བ,ས
ཁྱུམས,藏文字符,,,ཁ,ྱ,,ུ,མ,ས
ཁྱེགས,藏文字符,,,ཁ,ྱ,,ེ,ག,ས
ཁྱེངས,藏文字符,,,ཁ,ྱ,,ེ,ང,ས
ཁྱེབས,藏文字符,,,ཁ,ྱ,,ེ,བ,ས
ཁྱེམས,藏文字符,,,ཁ,ྱ,,ེ,མ,ས
ཁྱོགས,藏文字符,,,ཁ,ྱ,,ོ,ག,ས
ཁྱོངས,藏文字符,,,ཁ,ྱ,,ོ,ང,ས
ཁྱོབས,藏文字符,,,ཁ,ྱ,,ོ,བ,ས
ཁྱོམས,藏文字符,,,ཁ,ྱ,,ོ,མ,ས
གྱགས,藏文字符,,,ག,ྱ,,,ག,ས
གྱངས,藏文字符,,,ག,ྱ,,,ང,ས
གྱབས,藏文字符,,,ག,ྱ,,,བ,ས
གྱམས,藏文字符,,,ག,ྱ,,,མ,ས
གྱིགས,藏文字符,,,ག,ྱ,,ི,ག,ས
གྱིངས,藏文字符,,,ག,ྱ,,ི,ང,ས
གྱིབས,藏文字符,,,ག,ྱ,,ི,བ,ས
གྱིམས,藏文字符,,,ག,ྱ,,ི,མ,ས
གྱུགས,藏文字符,,,ག,ྱ,,ུ,ག,ས
གྱུངས,藏文字符,,,ག,ྱ,,ུ,ང,ས
གྱུབས,藏文字符,,,ག,ྱ,,ུ,བ,ས
གྱུམས,藏文字符,,,ག,ྱ,,ུ,མ,ས
གྱེགས,藏文字符,,,ག,ྱ,,ེ,ག,ས
གྱེངས,藏文字符,,,ག,ྱ,,ེ,ང,ས
གྱེབས,藏文字符,,,ག,ྱ,,ེ,བ,ས
གྱེམས,藏文字符,,,ག,ྱ,,ེ,མ,ས
གྱོགས,藏文字符,,,ག,ྱ,,ོ,ག,ས
གྱོངས,藏文字符,,,ག,ྱ,,ོ,ང,ས
གྱོབས,藏文字符,,,ག,ྱ,,ོ,བ,ས
གྱོམས,藏文字符,,,ག,ྱ,,ོ,མ,ས
པྱགས,藏文字符,,,པ,ྱ,,,ག,ས
པྱངས,藏文字符,,,པ,ྱ,,,ང,ས
པྱབས,藏文字符,,,པ,ྱ,,,བ,ས
པྱམས,藏文字符,,,པ,ྱ,,,མ,ས
པྱིགས,藏文字符,,,པ,ྱ,,ི,ག,ས
པྱིངས,藏文字符,,,པ,ྱ,,ི,ང,ས
པྱིབས,藏文字符,,,པ,ྱ,,ི,བ,ས
པྱིམས,藏文字符,,,པ,ྱ,,ི,མ,ས
པྱུགས,藏文字符,,,པ,ྱ,,ུ,ག,ས
པྱུངས,藏文字符,,,པ,ྱ,,ུ,ང,ས
པྱུབས,藏文字符,,,པ,ྱ,,ུ,བ,ས
པྱུམས,藏文字符,,,པ,ྱ,,ུ,མ,ས
པྱེགས,藏文字符,,,པ,ྱ,,ེ,ག,ས
པྱེངས,藏文字符,,,པ,ྱ,,ེ,ང,ས
པྱེབས,藏文字符,,,པ,ྱ,,ེ,བ,ས
པྱེམས,藏文字符,,,པ,ྱ,,ེ,མ,ས
པྱོགས,藏文字符,,,པ,ྱ,,ོ,ག,ས
པྱོངས,藏文字符,,,པ,ྱ,,ོ,ང,ས
པྱོབས,藏文字符,,,པ,ྱ,,ོ,བ,ས
པྱོམས,藏文字符,,,པ,ྱ,,ོ,མ,ས
ཕྱགས,藏文字符,,,ཕ,ྱ,,,ག,ས
ཕྱངས,藏文字符,,,ཕ,ྱ,,,ང,ས
ཕྱབས,藏文字符,,,ཕ,ྱ,,,བ,ས
ཕྱམས,藏文字符,,,ཕ,ྱ,,,མ,ས
ཕྱིགས,藏文字符,,,ཕ,ྱ,,ི,ག,ས
ཕྱིངས,藏文字符,,,ཕ,ྱ,,ི,ང,ས
ཕྱིབས,藏文字符,,,ཕ,ྱ,,ི,བ,ས
ཕྱིམས,藏文字符,,,ཕ,ྱ,,ི,མ,ས
ཕྱུགས,藏文字符,,,ཕ,ྱ,,ུ,ག,ས
ཕྱུངས,藏文字符,,,ཕ,ྱ,,ུ,ང,ས
ཕྱུབས,藏文字符,,,ཕ,ྱ,,ུ,བ,ས
ཕྱུམས,藏文字符,,,ཕ,ྱ,,ུ,མ,ས
ཕྱེགས,藏文字符,,,ཕ,ྱ,,ེ,ག,ས
ཕྱེངས,藏文字符,,,ཕ,ྱ,,ེ,ང,ས
ཕྱེབས,藏文字符,,,ཕ,ྱ,,ེ,བ,ས
ཕྱེམས,藏文字符,,,ཕ,ྱ,,ེ,མ,ས
ཕྱོགས,藏文字符,,,ཕ,ྱ,,ོ,ག,ས
ཕྱོངས,藏文字符,,,ཕ,ྱ,,ོ,ང,ས
ཕྱོབས,藏文字符,,,ཕ,ྱ,,ོ,བ,ས
ཕྱོམས,藏文字符,,,ཕ,ྱ,,ོ,མ,ས
བྱགས,藏文字符,,,བ,ྱ,,,ག,ས
བྱངས,藏文字符,,,བ,ྱ,,,ང,ས
བྱབས,藏文字符,,,བ,ྱ,,,བ,ས
བྱམས,藏文字符,,,བ,ྱ,,,མ,ས
བྱིགས,藏文字符,,,བ,ྱ,,ི,ག,ས
བྱིངས,藏文字符,,,བ,ྱ,,ི,ང,ས
བྱིབས,藏文字符,,,བ,ྱ,,ི,བ,ས
བྱིམས,藏文字符,,,བ,ྱ,,ི,མ,ས
བྱུགས,藏文字符,,,བ,ྱ,,ུ,ག,ས
བྱུངས,藏文字符,,,བ,ྱ,,ུ,ང,ས
བྱུབས,藏文字符,,,བ,ྱ,,ུ,བ,ས
བྱུམས,藏文字符,,,བ,ྱ,,ུ,མ,ས
བྱེགས,藏文字符,,,བ,ྱ,,ེ,ག,ས
བྱེངས,藏文字符,,,བ,ྱ,,ེ,ང,ས
བྱེབས,藏文字符,,,བ,ྱ,,ེ,བ,ས
བྱེམས,藏文字符,,,བ,ྱ,,ེ,མ,ས
བྱོགས,藏文字符,,,བ,ྱ,,ོ,ག,ས
བྱོངས,藏文字符,,,བ,ྱ,,ོ,ང,ས
བྱོབས,藏文字符,,,བ,ྱ,,ོ,བ,ས
བྱོམས,藏文字符,,,བ,ྱ,,ོ,མ,ས
མྱགས,藏文字符,,,མ,ྱ,,,ག,ས
མྱངས,藏文字符,,,མ,ྱ,,,ང,ས
མྱབས,藏文字符,,,མ,ྱ,,,བ,ས
མྱམས,藏文字符,,,མ,ྱ,,,མ,ས
མྱིགས,藏文字符,,,མ,ྱ,,ི,ག,ས
མྱིངས,藏文字符,,,མ,ྱ,,ི,ང,ས
མྱིབས,藏文字符,,,མ,ྱ,,ི,བ,ས
མྱིམས,藏文字符,,,མ,ྱ,,ི,མ,ས
མྱུགས,藏文字符,,,མ,ྱ,,ུ,ག,ས
མྱུངས,藏文字符,,,མ,ྱ,,ུ,ང,ས
མྱུབས,藏文字符,,,མ,ྱ,,ུ,བ,ས
མྱུམས,藏文字符,,,མ,ྱ,,ུ,མ,ས
མྱེགས,藏文字符,,,མ,ྱ,,ེ,ག,ས
མྱེངས,藏文字符,,,མ,ྱ,,ེ,ང,ས
མྱེབས,藏文字符,,,མ,ྱ,,ེ,བ,ས
མྱེམས,藏文字符,,,མ,ྱ,,ེ,མ,ས
མྱོགས,藏文字符,,,མ,ྱ,,ོ,ག,ས
མྱོངས,藏文字符,,,མ,ྱ,,ོ,ང,ས
མྱོབས,藏文字符,,,མ,ྱ,,ོ,བ,ས
མྱོམས,藏文字符,,,མ,ྱ,,ོ,མ,ས
ཀྲགས,藏文字符,,,ཀ,ྲ,,,ག,ས
ཀྲངས,藏文字符,,,ཀ,ྲ,,,ང,ས
ཀྲབས,藏文字符,,,ཀ,ྲ,,,བ,ས
ཀྲམས,藏文字符,,,ཀ,ྲ,,,མ,ས
ཀྲིགས,藏文字符,,,ཀ,ྲ,,ི,ག,ས
ཀྲིངས,藏文字符,,,ཀ,ྲ,,ི,ང,ས
ཀྲིབས,藏文字符,,,ཀ,ྲ,,ི,བ,ས
ཀྲིམས,藏文字符,,,ཀ,ྲ,,ི,མ,ས
ཀྲུགས,藏文字符,,,ཀ,ྲ,,ུ,ག,ས
ཀྲུངས,藏文字符,,,ཀ,ྲ,,ུ,ང,ས
ཀྲུབས,藏文字符,,,ཀ,ྲ,,ུ,བ,ས
ཀྲུམས,藏文字符,,,ཀ,ྲ,,ུ,མ,ས
ཀྲེགས,藏文字符,,,ཀ,ྲ,,ེ,ག,ས
ཀྲེངས,藏文字符,,,ཀ,ྲ,,ེ,ང,ས
ཀྲེབས,藏文字符,,,ཀ,ྲ,,ེ,བ,ས
ཀྲེམས,藏文字符,,,ཀ,ྲ,,ེ,མ,ས
ཀྲོགས,藏文字符,,,ཀ,ྲ,,ོ,ག,ས
ཀྲོངས,藏文字符,,,ཀ,ྲ,,ོ,ང,ས
ཀྲོབས,藏文字符,,,ཀ,ྲ,,ོ,བ,ས
ཀྲོམས,藏文字符,,,ཀ,ྲ,,ོ,མ,ས
ཁྲགས,藏文字符,,,ཁ,ྲ,,,ག,ས
ཁྲངས,藏文字符,,,ཁ,ྲ,,,ང,ས
ཁྲབས,藏文字符,,,ཁ,ྲ,,,བ,ས
ཁྲམས,藏文字符,,,ཁ,ྲ,,,མ,ས
ཁྲིགས,藏文字符,,,ཁ,ྲ,,ི,ག,ས
ཁྲིངས,藏文字符,,,ཁ,ྲ,,ི,ང,ས
ཁྲིབས,藏文字符,,,ཁ,ྲ,,ི,བ,ས
ཁྲིམས,藏文字符,,,ཁ,ྲ,,ི,མ,ས
ཁྲུགས,藏文字符,,,ཁ,ྲ,,ུ,ག,ས
ཁྲུངས,藏文字符,,,ཁ,ྲ,,ུ,ང,ས
ཁྲུབས,藏文字符,,,ཁ,ྲ,,ུ,བ,ས
ཁྲུམས,藏文字符,,,ཁ,ྲ,,ུ,མ,ས
ཁྲེགས,藏文字符,,,ཁ,ྲ,,ེ,ག,ས
ཁྲེངས,藏文字符,,,ཁ,ྲ,,ེ,ང,ས
ཁྲེབས,藏文字符,,,ཁ,ྲ,,ེ,བ,ས
ཁྲེམས,藏文字符,,,ཁ,ྲ,,ེ,མ,ས
ཁྲོགས,藏文字符,,,ཁ,ྲ,,ོ,ག,ས
ཁྲོངས,藏文字符,,,ཁ,ྲ,,ོ,ང,ས
ཁྲོབས,藏文字符,,,ཁ,ྲ,,ོ,བ,ས
ཁྲོམས,藏文字符,,,ཁ,ྲ,,ོ,མ,ས
གྲགས,藏文字符,,,ག,ྲ,,,ག,ས
གྲངས,藏文字符,,,ག,ྲ,,,ང,ས
གྲབས,藏文字符,,,ག,ྲ,,,བ,ས
གྲམས,藏文字符,,,ག,ྲ,,,མ,ས
གྲིགས,藏文字符,,,ག,ྲ,,ི,ག,ས
གྲིངས,藏文字符,,,ག,ྲ,,ི,ང,ས
གྲིབས,藏文字符,,,ག,ྲ,,ི,བ,ས
གྲིམས,藏文字符,,,ག,ྲ,,ི,མ,ས
གྲུགས,藏文字符,,,ག,ྲ,,ུ,ག,ས
གྲུངས,藏文字符,,,ག,ྲ,,ུ,ང,ས
གྲུབས,藏文字符,,,ག,ྲ,,ུ,བ,ས
གྲུམས,藏文字符,,,ག,ྲ,,ུ,མ,ས
གྲེགས,藏文字符,,,ག,ྲ,,ེ,ག,ས
གྲེངས,藏文字符,,,ག,ྲ,,ེ,ང,ས
གྲེབས,藏文字符,,,ག,ྲ,,ེ,བ,ས
གྲེམས,藏文字符,,,ག,ྲ,,ེ,མ,ས
གྲོགས,藏文字符,,,ག,ྲ,,ོ,ག,ས
གྲོངས,藏文字符,,,ག,ྲ,,ོ,ང,ས
གྲོབས,藏文字符,,,ག,ྲ,,ོ,བ,ས
གྲོམས,藏文字符,,,ག,ྲ,,ོ,མ,ས
ཏྲགས,藏文字符,,,ཏ,ྲ,,,ག,ས
ཏྲངས,藏文字符,,,ཏ,ྲ,,,ང,ས
ཏྲབས,藏文字符,,,ཏ,ྲ,,,བ,ས
ཏྲམས,藏文字符,,,ཏ,ྲ,,,མ,ས
ཏྲིགས,藏文字符,,,ཏ,ྲ,,ི,ག,ས
ཏྲིངས,藏文字符,,,ཏ,ྲ,,ི,ང,ས
ཏྲིབས,藏文字符,,,ཏ,ྲ,,ི,བ,ས
ཏྲིམས,藏文字符,,,ཏ,ྲ,,ི,མ,ས
ཏྲུགས,藏文字符,,,ཏ,ྲ,,ུ,ག,ས
ཏྲུངས,藏文字符,,,ཏ,ྲ,,ུ,ང,ས
ཏྲུབས,藏文字符,,,ཏ,ྲ,,ུ,བ,ས
ཏྲུམས,藏文字符,,,ཏ,ྲ,,ུ,མ,ས
ཏྲེགས,藏文字符,,,ཏ,ྲ,,ེ,ག,ས
ཏྲེངས,藏文字符,,,ཏ,ྲ,,ེ,ང,ས
ཏྲེབས,藏文字符,,,ཏ,ྲ,,ེ,བ,ས
ཏྲེམས,藏文字符,,,ཏ,ྲ,,ེ,མ,ས
ཏྲོགས,藏文字符,,,ཏ,ྲ,,ོ,ག,ས
ཏྲོངས,藏文字符,,,ཏ,ྲ,,ོ,ང,ས
ཏྲོབས,藏文字符,,,ཏ,ྲ,,ོ,བ,ས
ཏྲོམས,藏文字符,,,ཏ,ྲ,,ོ,མ,ས
ཐྲགས,藏文字符,,,ཐ,ྲ,,,ག,ས
ཐྲངས,藏文字符,,,ཐ,ྲ,,,ང,ས
ཐྲབས,藏文字符,,,ཐ,ྲ,,,བ,ས
ཐྲམས,藏文字符,,,ཐ,ྲ,,,མ,ས
ཐྲིགས,藏文字符,,,ཐ,ྲ,,ི,ག,ས
ཐྲིངས,藏文字符,,,ཐ,ྲ,,ི,ང,ས
ཐྲིབས,藏文字符,,,ཐ,ྲ,,ི,བ,ས
ཐྲིམས,藏文字符,,,ཐ,ྲ,,ི,མ,ས
ཐྲུགས,藏文字符,,,ཐ,ྲ,,ུ,ག,ས
ཐྲུངས,藏文字符,,,ཐ,ྲ,,ུ,ང,ས
ཐྲུབས,藏文字符,,,ཐ,ྲ,,ུ,བ,ས
ཐྲུམས,藏文字符,,,ཐ,ྲ,,ུ,མ,ས
ཐྲེགས,藏文字符,,,ཐ,ྲ,,ེ,ག,ས
ཐྲེངས,藏文字符,,,ཐ,ྲ,,ེ,ང,ས
ཐྲེབས,藏文字符,,,ཐ,ྲ,,ེ,བ,ས
ཐྲེམས,藏文字符,,,ཐ,ྲ,,ེ,མ,ས
ཐྲོགས,藏文字符,,,ཐ,ྲ,,ོ,ག,ས
ཐྲོངས,藏文字符,,,ཐ,ྲ,,ོ,ང,ས
ཐྲོབས,藏文字符,,,ཐ,ྲ,,ོ,བ,ས
ཐྲོམས,藏文字符,,,ཐ,ྲ,,ོ,མ,ས
དྲགས,藏文字符,,,ད,ྲ,,,ག,ས
དྲངས,藏文字符,,,ད,ྲ,,,ང,ས
དྲབས,藏文字符,,,ད,ྲ,,,བ,ས
དྲམས,藏文字符,,,ད,ྲ,,,མ,ས
དྲིགས,藏文字符,,,ད,ྲ,,ི,ག,ས
དྲིངས,藏文字符,,,ད,ྲ,,ི,ང,ས
དྲིབས,藏文字符,,,ད,ྲ,,ི,བ,ས
དྲིམས,藏文字符,,,ད,ྲ,,ི,མ,ས
དྲུགས,藏文字符,,,ད,ྲ,,ུ,ག,ས
དྲུངས,藏文字符,,,ད,ྲ,,ུ,ང,ས
དྲུབས,藏文字符,,,ད,ྲ,,ུ,བ,ས
དྲུམས,藏文字符,,,ད,ྲ,,ུ,མ,ས
དྲེགས,藏文字符,,,ད,ྲ,,ེ,ག,ས
དྲེངས,藏文字符,,,ད,ྲ,,ེ,ང,ས
དྲེབས,藏文字符,,,ད,ྲ,,ེ,བ,ས
དྲེམས,藏文字符,,,ད,ྲ,,ེ,མ,ས
དྲོགས,藏文字符,,,ད,ྲ,,ོ,ག,ས
དྲོངས,藏文字符,,,ད,ྲ,,ོ,ང,ས
དྲོབས,藏文字符,,,ད,ྲ,,ོ,བ,ས
དྲོམས,藏文字符,,,ད,ྲ,,ོ,མ,ས
པྲགས,藏文字符,,,པ,ྲ,,,ག,ས
པྲངས,藏文字符,,,པ,ྲ,,,ང,ས
པྲབས,藏文字符,,,པ,ྲ,,,བ,ས
པྲམས,藏文字符,,,པ,ྲ,,,མ,ས
པྲིགས,藏文字符,,,པ,ྲ,,ི,ག,ས
པྲིངས,藏文字符,,,པ,ྲ,,ི,ང,ས
པྲིབས,藏文字符,,,པ,ྲ,,ི,བ,ས
པྲིམས,藏文字符,,,པ,ྲ,,ི,མ,ས
པྲུགས,藏文字符,,,པ,ྲ,,ུ,ག,ས
པྲུངས,藏文字符,,,པ,ྲ,,ུ,ང,ས
པྲུབས,藏文字符,,,པ,ྲ,,ུ,བ,ས
པྲུམས,藏文字符,,,པ,ྲ,,ུ,མ,ས
པྲེགས,藏文字符,,,པ,ྲ,,ེ,ག,ས
པྲེངས,藏文字符,,,པ,ྲ,,ེ,ང,ས
པྲེབས,藏文字符,,,པ,ྲ,,ེ,བ,ས
པྲེམས,藏文字符,,,པ,ྲ,,ེ,མ,ས
པྲོགས,藏文字符,,,པ,ྲ,,ོ,ག,ས
པྲོངས,藏文字符,,,པ,ྲ,,ོ,ང,ས
པྲོབས,藏文字符,,,པ,ྲ,,ོ,བ,ས
པྲོམས,藏文字符,,,པ,ྲ,,ོ,མ,ས
ཕྲགས,藏文字符,,,ཕ,ྲ,,,ག,ས
ཕྲངས,藏文字符,,,ཕ,ྲ,,,ང,ས
ཕྲབས,藏文字符,,,ཕ,ྲ,,,བ,ས
ཕྲམས,藏文字符,,,ཕ,ྲ,,,མ,ས
ཕྲིགས,藏文字符,,,ཕ,ྲ,,ི,ག,ས
ཕྲིངས,藏文字符,,,ཕ,ྲ,,ི,ང,ས
ཕྲིབས,藏文字符,,,ཕ,ྲ,,ི,བ,ས
ཕྲིམས,藏文字符,,,ཕ,ྲ,,ི,མ,ས
ཕྲུགས,藏文字符,,,ཕ,ྲ,,ུ,ག,ས
ཕྲུངས,藏文字符,,,ཕ,ྲ,,ུ,ང,ས
ཕྲུབས,藏文字符,,,ཕ,ྲ,,ུ,བ,ས
ཕྲུམས,藏文字符,,,ཕ,ྲ,,ུ,མ,ས
ཕྲེགས,藏文字符,,,ཕ,ྲ,,ེ,ག,ས
ཕྲེངས,藏文字符,,,ཕ,ྲ,,ེ,ང,ས
ཕྲེབས,藏文字符,,,ཕ,ྲ,,ེ,བ,ས
ཕྲེམས,藏文字符,,,ཕ,ྲ,,ེ,མ,ས
ཕྲོགས,藏文字符,,,ཕ,ྲ,,ོ,ག,ས
ཕྲོངས,藏文字符,,,ཕ,ྲ,,ོ,ང,ས
ཕྲོབས,藏文字符,,,ཕ,ྲ,,ོ,བ,ས
ཕྲོམས,藏文字符,,,ཕ,ྲ,,ོ,མ,ས
བྲགས,藏文字符,,,བ,ྲ,,,ག,ས
བྲངས,藏文字符,,,བ,ྲ,,,ང,ས
བྲབས,藏文字符,,,བ,ྲ,,,བ,ས
བྲམས,藏文字符,,,བ,ྲ,,,མ,ས
བྲིགས,藏文字符,,,བ,ྲ,,ི,ག,ས
བྲིངས,藏文字符,,,བ,ྲ,,ི,ང,ས
བྲིབས,藏文字符,,,བ,ྲ,,ི,བ,ས
བྲིམས,藏文字符,,,བ,ྲ,,ི,མ,ས
བྲུགས,藏文字符,,,བ,ྲ,,ུ,ག,ས
བྲུངས,藏文字符,,,བ,ྲ,,ུ,ང,ས
བྲུབས,藏文字符,,,བ,ྲ,,ུ,བ,ས
བྲུམས,藏文字符,,,བ,ྲ,,ུ,མ,ས
བྲེགས,藏文字符,,,བ,ྲ,,ེ,ག,ས
བྲེངས,藏文字符,,,བ,ྲ,,ེ,ང,ས
བྲེབས,藏文字符,,,བ,ྲ,,ེ,བ,ས
བྲེམས,藏文字符,,,བ,ྲ,,ེ,མ,ས
བྲོགས,藏文字符,,,བ,ྲ,,ོ,ག,ས
བྲོངས,藏文字符,,,བ,ྲ,,ོ,ང,ས
བྲོབས,藏文字符,,,བ,ྲ,,ོ,བ,ས
བྲོམས,藏文字符,,,བ,ྲ,,ོ,མ,ས
སྲགས,藏文字符,,,ས,ྲ,,,ག,ས
སྲངས,藏文字符,,,ས,ྲ,,,ང,ས
སྲབས,藏文字符,,,ས,ྲ,,,བ,ས
སྲམས,藏文字符,,,ས,ྲ,,,མ,ས
སྲིགས,藏文字符,,,ས,ྲ,,ི,ག,ས
སྲིངས,藏文字符,,,ས,ྲ,,ི,ང,ས
སྲིབས,藏文字符,,,ས,ྲ,,ི,བ,ས
སྲིམས,藏文字符,,,ས,ྲ,,ི,མ,ས
སྲུགས,藏文字符,,,ས,ྲ,,ུ,ག,ས
སྲུངས,藏文字符,,,ས,ྲ,,ུ,ང,ས
སྲུབས,藏文字符,,,ས,ྲ,,ུ,བ,ས
སྲུམས,藏文字符,,,ས,ྲ,,ུ,མ,ས
སྲེགས,藏文字符,,,ས,ྲ,,ེ,ག,ས
སྲེངས,藏文字符,,,ས,ྲ,,ེ,ང,ས
སྲེབས,藏文字符,,,ས,ྲ,,ེ,བ,ས
སྲེམས,藏文字符,,,ས,ྲ,,ེ,མ,ས
སྲོགས,藏文字符,,,ས,ྲ,,ོ,ག,ས
སྲོངས,藏文字符,,,ས,ྲ,,ོ,ང,ས
སྲོབས,藏文字符,,,ས,ྲ,,ོ,བ,ས
སྲོམས,藏文字符,,,ས,ྲ,,ོ,མ,ས
ཧྲགས,藏文字符,,,ཧ,ྲ,,,ག,ས
ཧྲངས,藏文字符,,,ཧ,ྲ,,,ང,ས
ཧྲབས,藏文字符,,,ཧ,ྲ,,,བ,ས
ཧྲམས,藏文字符,,,ཧ,ྲ,,,མ,ས
ཧྲིགས,藏文字符,,,ཧ,ྲ,,ི,ག,ས
ཧྲིངས,藏文字符,,,ཧ,ྲ,,ི,ང,ས
ཧྲིབས,藏文字符,,,ཧ,ྲ,,ི,བ,ས
ཧྲིམས,藏文字符,,,ཧ,ྲ,,ི,མ,ས
ཧྲུགས,藏文字符,,,ཧ,ྲ,,ུ,ག,ས
ཧྲུངས,藏文字符,,,ཧ,ྲ,,ུ,ང,ས
ཧྲུབས,藏文字符,,,ཧ,ྲ,,ུ,བ,ས
ཧྲུམས,藏文字符,,,ཧ,ྲ,,ུ,མ,ས
ཧྲེགས,藏文字符,,,ཧ,ྲ,,ེ,ག,ས
ཧྲེངས,藏文字符,,,ཧ,ྲ,,ེ,ང,ས
ཧྲེབས,藏文字符,,,ཧ,ྲ,,ེ,བ,ས
ཧྲེམས,藏文字符,,,ཧ,ྲ,,ེ,མ,ས
ཧྲོགས,藏文字符,,,ཧ,ྲ,,ོ,ག,ས
ཧྲོངས,藏文字符,,,ཧ,ྲ,,ོ,ང,ས
ཧྲོབས,藏文字符,,,ཧ,ྲ,,ོ,བ,ས
ཧྲོམས,藏文字符,,,ཧ,ྲ,,ོ,མ,ས
ཀླགས,藏文字符,,,ཀ,ླ,,,ག,ས
ཀླངས,藏文字符,,,ཀ,ླ,,,ང,ས
ཀླབས,藏文字符,,,ཀ,ླ,,,བ,ས
ཀླམས,藏文字符,,,ཀ,ླ,,,མ,ས
ཀླིགས,藏文字符,,,ཀ,ླ,,ི,ག,ས
ཀླིངས,藏文字符,,,ཀ,ླ,,ི,ང,ས
ཀླིབས,藏文字符,,,ཀ,ླ,,ི,བ,ས
ཀླིམས,藏文字符,,,ཀ,ླ,,ི,མ,ས
ཀླུགས,藏文字符,,,ཀ,ླ,,ུ,ག,ས
ཀླུངས,藏文字符,,,ཀ,ླ,,ུ,ང,ས
ཀླུབས,藏文字符,,,ཀ,ླ,,ུ,བ,ས
ཀླུམས,藏文字符,,,ཀ,ླ,,ུ,མ,ས
ཀླེགས,藏文字符,,,ཀ,ླ,,ེ,ག,ས
ཀླེངས,藏文字符,,,ཀ,ླ,,ེ,ང,ས
ཀླེབས,藏文字符,,,ཀ,ླ,,ེ,བ,ས
ཀླེམས,藏文字符,,,ཀ,ླ,,ེ,མ,ས
ཀློགས,藏文字符,,,ཀ,ླ,,ོ,ག,ས
ཀློངས,藏文字符,,,ཀ,ླ,,ོ,ང,ས
ཀློབས,藏文字符,,,ཀ,ླ,,ོ,བ,ས
ཀློམས,藏文字符,,,ཀ,ླ,,ོ,མ,ས
གླགས,藏文字符,,,ག,ླ,,,ག,ས
གླངས,藏文字符,,,ག,ླ,,,ང,ས
གླབས,藏文字符,,,ག,ླ,,,བ,ས
གླམས,藏文字符,,,ག,ླ,,,མ,ས
གླིགས,藏文字符,,,ག,ླ,,ི,ག,ས
གླིངས,藏文字符,,,ག,ླ,,ི,ང,ས
གླིབས,藏文字符,,,ག,ླ,,ི,བ,ས
གླིམས,藏文字符,,,ག,ླ,,ི,མ,ས
གླུགས,藏文字符,,,ག,ླ,,ུ,ག,ས
གླུངས,藏文字符,,,ག,ླ,,ུ,ང,ས
གླུབས,藏文字符,,,ག,ླ,,ུ,བ,ས
གླུམས,藏文字符,,,ག,ླ,,ུ,མ,ས
གླེགས,藏文字符,,,ག,ླ,,ེ,ག,ས
གླེངས,藏文字符,,,ག,ླ,,ེ,ང,ས
གླེབས,藏文字符,,,ག,ླ,,ེ,བ,ས
གླེམས,藏文字符,,,ག,ླ,,ེ,མ,ས
གློགས,藏文字符,,,ག,ླ,,ོ,ག,ས
གློངས,藏文字符,,,ག,ླ,,ོ,ང,ས
གློབས,藏文字符,,,ག,ླ,,ོ,བ,ས
གློམས,藏文字符,,,ག,ླ,,ོ,མ,ས
བླགས,藏文字符,,,བ,ླ,,,ག,ས
བླངས,藏文字符,,,བ,ླ,,,ང,ས
བླབས,藏文字符,,,བ,ླ,,,བ,ས
བླམས,藏文字符,,,བ,ླ,,,མ,ས
བླིགས,藏文字符,,,བ,ླ,,ི,ག,ས
བླིངས,藏文字符,,,བ,ླ,,ི,ང,ས
བླིབས,藏文字符,,,བ,ླ,,ི,བ,ས
བླིམས,藏文字符,,,བ,ླ,,ི,མ,ས
བླུགས,藏文字符,,,བ,ླ,,ུ,ག,ས
བླུངས,藏文字符,,,བ,ླ,,ུ,ང,ས
བླུབས,藏文字符,,,བ,ླ,,ུ,བ,ས
བླུམས,藏文字符,,,བ,ླ,,ུ,མ,ས
བླེགས,藏文字符,,,བ,ླ,,ེ,ག,ས
བླེངས,藏文字符,,,བ,ླ,,ེ,ང,ས
བླེབས,藏文字符,,,བ,ླ,,ེ,བ,ས
བླེམས,藏文字符,,,བ,ླ,,ེ,མ,ས
བློགས,藏文字符,,,བ,ླ,,ོ,ག,ས
བློངས,藏文字符,,,བ,ླ,,ོ,ང,ས
བློབས,藏文字符,,,བ,ླ,,ོ,བ,ས
བློམས,藏文字符,,,བ,ླ,,ོ,མ,ས
ཟླགས,藏文字符,,,ཟ,ླ,,,ག,ས
ཟླངས,藏文字符,,,ཟ,ླ,,,ང,ས
ཟླབས,藏文字符,,,ཟ,ླ,,,བ,ས
ཟླམས,藏文字符,,,ཟ,ླ,,,མ,ས
ཟླིགས,藏文字符,,,ཟ,ླ,,ི,ག,ས
ཟླིངས,藏文字符,,,ཟ,ླ,,ི,ང,ས
ཟླིབས,藏文字符,,,ཟ,ླ,,ི,བ,ས
ཟླིམས,藏文字符,,,ཟ,ླ,,ི,མ,ས
ཟླུགས,藏文字符,,,ཟ,ླ,,ུ,ག,ས
ཟླུངས,藏文字符,,,ཟ,ླ,,ུ,ང,ས
ཟླུབས,藏文字符,,,ཟ,ླ,,ུ,བ,ས
ཟླུམས,藏文字符,,,ཟ,ླ,,ུ,མ,ས
ཟླེགས,藏文字符,,,ཟ,ླ,,ེ,ག,ས
ཟླེངས,藏文字符,,,ཟ,ླ,,ེ,ང,ས
ཟླེབས,藏文字符,,,ཟ,ླ,,ེ,བ,ས
ཟླེམས,藏文字符,,,ཟ,ླ,,ེ,མ,ས
ཟློགས,藏文字符,,,ཟ,ླ,,ོ,ག,ས
ཟློངས,藏文字符,,,ཟ,ླ,,ོ,ང,ས
ཟློབས,藏文字符,,,ཟ,ླ,,ོ,བ,ས
ཟློམས,藏文字符,,,ཟ,ླ,,ོ,མ,ས
རླགས,藏文字符,,,ར,ླ,,,ག,ས
རླངས,藏文字符,,,ར,ླ,,,ང,ས
རླབས,藏文字符,,,ར,ླ,,,བ,ས
རླམས,藏文字符,,,ར,ླ,,,མ,ས
རླིགས,藏文字符,,,ར,ླ,,ི,ག,ས
རླིངས,藏文字符,,,ར,ླ,,ི,ང,ས
རླིབས,藏文字符,,,ར,ླ,,ི,བ,ས
རླིམས,藏文字符,,,ར,ླ,,ི,མ,ས
རླུགས,藏文字符,,,ར,ླ,,ུ,ག,ས
རླུངས,藏文字符,,,ར,ླ,,ུ,ང,ས
རླུབས,藏文字符,,,ར,ླ,,ུ,བ,ས
རླུམས,藏文字符,,,ར,ླ,,ུ,མ,ས
རླེགས,藏文字符,,,ར,ླ,,ེ,ག,ས
རླེངས,藏文字符,,,ར,ླ,,ེ,ང,ས
རླེབས,藏文字符,,,ར,ླ,,ེ,བ,ས
རླེམས,藏文字符,,,ར,ླ,,ེ,མ,ས
རློགས,藏文字符,,,ར,ླ,,ོ,ག,ས
རློངས,藏文字符,,,ར,ླ,,ོ,ང,ས
རློབས,藏文字符,,,ར,ླ,,ོ,བ,ས
རློམས,藏文字符,,,ར,ླ,,ོ,མ,ས
སླགས,藏文字符,,,ས,ླ,,,ག,ས
སླངས,藏文字符,,,ས,ླ,,,ང,ས
སླབས,藏文字符,,,ས,ླ,,,བ,ས
སླམས,藏文字符,,,ས,ླ,,,མ,ས
སླིགས,藏文字符,,,ས,ླ,,ི,ག,ས
སླིངས,藏文字符,,,ས,ླ,,ི,ང,ས
སླིབས,藏文字符,,,ས,ླ,,ི,བ,ས
སླིམས,藏文字符,,,ས,ླ,,ི,མ,ས
སླུགས,藏文字符,,,ས,ླ,,ུ,ག,ས
སླུངས,藏文字符,,,ས,ླ,,ུ,ང,ས
སླུབས,藏文字符,,,ས,ླ,,ུ,བ,ས
སླུམས,藏文字符,,,ས,ླ,,ུ,མ,ས
སླེགས,藏文字符,,,ས,ླ,,ེ,ག,ས
སླེངས,藏文字符,,,ས,ླ,,ེ,ང,ས
སླེབས,藏文字符,,,ས,ླ,,ེ,བ,ས
སླེམས,藏文字符,,,ས,ླ,,ེ,མ,ས
སློགས,藏文字符,,,ས,ླ,,ོ,ག,ས
སློངས,藏文字符,,,ས,ླ,,ོ,ང,ས
སློབས,藏文字符,,,ས,ླ,,ོ,བ,ས
སློམས,藏文字符,,,ས,ླ,,ོ,མ,ས
རྐྱགས,藏文字符,,ར,ྐ,ྱ,,,ག,ས
རྐྱངས,藏文字符,,ར,ྐ,ྱ,,,ང,ས
རྐྱབས,藏文字符,,ར,ྐ,ྱ,,,བ,ས
རྐྱམས,藏文字符,,ར,ྐ,ྱ,,,མ,ས
རྐྱིགས,藏文字符,,ར,ྐ,ྱ,,ི,ག,ས
རྐྱིངས,藏文字符,,ར,ྐ,ྱ,,ི,ང,ས
རྐྱིབས,藏文字符,,ར,ྐ,ྱ,,ི,བ,ས
རྐྱིམས,藏文字符,,ར,ྐ,ྱ,,ི,མ,ས
རྐྱུགས,藏文字符,,ར,ྐ,ྱ,,ུ,ག,ས
རྐྱུངས,藏文字符,,ར,ྐ,ྱ,,ུ,ང,ས
རྐྱུབས,藏文字符,,ར,ྐ,ྱ,,ུ,བ,ས
རྐྱུམས,藏文字符,,ར,ྐ,ྱ,,ུ,མ,ས
རྐྱེགས,藏文字符,,ར,ྐ,ྱ,,ེ,ག,ས
རྐྱེངས,藏文字符,,ར,ྐ,ྱ,,ེ,ང,ས
རྐྱེབས,藏文字符,,ར,ྐ,ྱ,,ེ,བ,ས
རྐྱེམས,藏文字符,,ར,ྐ,ྱ,,ེ,མ,ས
རྐྱོགས,藏文字符,,ར,ྐ,ྱ,,ོ,ག,ས
རྐྱོངས,藏文字符,,ར,ྐ,ྱ,,ོ,ང,ས
རྐྱོབས,藏文字符,,ར,ྐ,ྱ,,ོ,བ,ས
རྐྱོམས,藏文字符,,ར,ྐ,ྱ,,ོ,མ,ས
རྒྱགས,藏文字符,,ར,ྒ,ྱ,,,ག,ས
རྒྱངས,藏文字符,,ར,ྒ,ྱ,,,ང,ས
རྒྱབས,藏文字符,,ར,ྒ,ྱ,,,བ,ས
རྒྱམས,藏文字符,,ར,ྒ,ྱ,,,མ,ས
རྒྱིགས,藏文字符,,ར,ྒ,ྱ,,ི,ག,ས
རྒྱིངས,藏文字符,,ར,ྒ,ྱ,,ི,ང,ས
རྒྱིབས,藏文字符,,ར,ྒ,ྱ,,ི,བ,ས
རྒྱིམས,藏文字符,,ར,ྒ,ྱ,,ི,མ,ས
རྒྱུགས,藏文字符,,ར,ྒ,ྱ,,ུ,ག,ས
རྒྱུངས,藏文字符,,ར,ྒ,ྱ,,ུ,ང,ས
རྒྱུབས,藏文字符,,ར,ྒ,ྱ,,ུ,བ,ས
རྒྱུམས,藏文字符,,ར,ྒ,ྱ,,ུ,མ,ས
རྒྱེགས,藏文字符,,ར,ྒ,ྱ,,ེ,ག,ས
རྒྱེངས,藏文字符,,ར,ྒ,ྱ,,ེ,ང,ས
རྒྱེབས,藏文字符,,ར,ྒ,ྱ,,ེ,བ,ས
རྒྱེམས,藏文字符,,ར,ྒ,ྱ,,ེ,མ,ས
རྒྱོགས,藏文字符,,ར,ྒ,ྱ,,ོ,ག,ས
རྒྱོངས,藏文字符,,ར,ྒ,ྱ,,ོ,ང,ས
རྒྱོབས,藏文字符,,ར,ྒ,ྱ,,ོ,བ,ས
རྒྱོམས,藏文字符,,ར,ྒ,ྱ,,ོ,མ,ས
རྨྱགས,藏文字符,,ར,ྨ,ྱ,,,ག,ས
རྨྱངས,藏文字符,,ར,ྨ,ྱ,,,ང,ས
རྨྱབས,藏文字符,,ར,ྨ,ྱ,,,བ,ས
རྨྱམས,藏文字符,,ར,ྨ,ྱ,,,མ,ས
རྨྱིགས,藏文字符,,ར,ྨ,ྱ,,ི,ག,ས
རྨྱིངས,藏文字符,,ར,ྨ,ྱ,,ི,ང,ས
རྨྱིབས,藏文字符,,ར,ྨ,ྱ,,ི,བ,ས
རྨྱིམས,藏文字符,,ར,ྨ,ྱ,,ི,མ,ས
རྨྱུགས,藏文字符,,ར,ྨ,ྱ,,ུ,ག,ས
རྨྱུངས,藏文字符,,ར,ྨ,ྱ,,ུ,ང,ས
རྨྱུབས,藏文字符,,ར,ྨ,ྱ,,ུ,བ,ས
རྨྱུམས,藏文字符,,ར,ྨ,ྱ,,ུ,མ,ས
རྨྱེགས,藏文字符,,ར,ྨ,ྱ,,ེ,ག,ས
རྨྱེངས,藏文字符,,ར,ྨ,ྱ,,ེ,ང,ས
རྨྱེབས,藏文字符,,ར,ྨ,ྱ,,ེ,བ,ས
རྨྱེམས,藏文字符,,ར,ྨ,ྱ,,ེ,མ,ས
རྨྱོགས,藏文字符,,ར,ྨ,ྱ,,ོ,ག,ས
རྨྱོངས,藏文字符,,ར,ྨ,ྱ,,ོ,ང,ས
རྨྱོབས,藏文字符,,ར,ྨ,ྱ,,ོ,བ,ས
རྨྱོམས,藏文字符,,ར,ྨ,ྱ,,ོ,མ,ས
སྐྱགས,藏文字符,,ས,ྐ,ྱ,,,ག,ས
སྐྱངས,藏文字符,,ས,ྐ,ྱ,,,ང,ས
སྐྱབས,藏文字符,,ས,ྐ,ྱ,,,བ,ས
སྐྱམས,藏文字符,,ས,ྐ,ྱ,,,མ,ས
སྐྱིགས,藏文字符,,ས,ྐ,ྱ,,ི,ག,ས
སྐྱིངས,藏文字符,,ས,ྐ,ྱ,,ི,ང,ས
སྐྱིབས,藏文字符,,ས,ྐ,ྱ,,ི,བ,ས
སྐྱིམས,藏文字符,,ས,ྐ,ྱ,,ི,མ,ས
སྐྱུགས,藏文字符,,ས,ྐ,ྱ,,ུ,ག,ས
སྐྱུངས,藏文字符,,ས,ྐ,ྱ,,ུ,ང,ས
སྐྱུབས,藏文字符,,ས,ྐ,ྱ,,ུ,བ,ས
སྐྱུམས,藏文字符,,ས,ྐ,ྱ,,ུ,མ,ས
སྐྱེགས,藏文字符,,ས,ྐ,ྱ,,ེ,ག,ས
སྐྱེངས,藏文字符,,ས,ྐ,ྱ,,ེ,ང,ས
སྐྱེབས,藏文字符,,ས,ྐ,ྱ,,ེ,བ,ས
སྐྱེམས,藏文字符,,ས,ྐ,ྱ,,ེ,མ,ས
སྐྱོགས,藏文字符,,ས,ྐ,ྱ,,ོ,ག,ས
སྐྱོངས,藏文字符,,ས,ྐ,ྱ,,ོ,ང,ས
སྐྱོབས,藏文字符,,ས,ྐ,ྱ,,ོ,བ,ས
སྐྱོམས,藏文字符,,ས,ྐ,ྱ,,ོ,མ,ས
སྒྱགས,藏文字符,,ས,ྒ,ྱ,,,ག,ས
སྒྱངས,藏文字符,,ས,ྒ,ྱ,,,ང,ས
སྒྱབས,藏文字符,,ས,ྒ,ྱ,,,བ,ས
སྒྱམས,藏文字符,,ས,ྒ,ྱ,,,མ,ས
སྒྱིགས,藏文字符,,ས,ྒ,ྱ,,ི,ག,ས
སྒྱིངས,藏文字符,,ས,ྒ,ྱ,,ི,ང,ས
སྒྱིབས,藏文字符,,ས,ྒ,ྱ,,ི,བ,ས
སྒྱིམས,藏文字符,,ས,ྒ,ྱ,,ི,མ,ས
སྒྱུགས,藏文字符,,ས,ྒ,ྱ,,ུ,ག,ས
སྒྱུངས,藏文字符,,ས,ྒ,ྱ,,ུ,ང,ས
སྒྱུབས,藏文字符,,ས,ྒ,ྱ,,ུ,བ,ས
སྒྱུམས,藏文字符,,ས,ྒ,ྱ,,ུ,མ,ས
སྒྱེགས,藏文字符,,ས,ྒ,ྱ,,ེ,ག,ས
སྒྱེངས,藏文字符,,ས,ྒ,ྱ,,ེ,ང,ས
སྒྱེབས,藏文字符,,ས,ྒ,ྱ,,ེ,བ,ས
སྒྱེམས,藏文字符,,ས,ྒ,ྱ,,ེ,མ,ས
སྒྱོགས,藏文字符,,ས,ྒ,ྱ,,ོ,ག,ས
སྒྱོངས,藏文字符,,ས,ྒ,ྱ,,ོ,ང,ས
སྒྱོབས,藏文字符,,ས,ྒ,ྱ,,ོ,བ,ས
སྒྱོམས,藏文字符,,ས,ྒ,ྱ,,ོ,མ,ས
སྤྱགས,藏文字符,,ས,ྤ,ྱ,,,ག,ས
སྤྱངས,藏文字符,,ས,ྤ,ྱ,,,ང,ས
སྤྱབས,藏文字符,,ས,ྤ,ྱ,,,བ,ས
སྤྱམས,藏文字符,,ས,ྤ,ྱ,,,མ,ས
སྤྱིགས,藏文字符,,ས,ྤ,ྱ,,ི,ག,ས
སྤྱིངས,藏文字符,,ས,ྤ,ྱ,,ི,ང,ས
སྤྱིབས,藏文字符,,ས,ྤ,ྱ,,ི,བ,ས
སྤྱིམས,藏文字符,,ས,ྤ,ྱ,,ི,མ,ས
སྤྱུགས,藏文字符,,ས,ྤ,ྱ,,ུ,ག,ས
སྤྱུངས,藏文字符,,ས,ྤ,ྱ,,ུ,ང,ས
སྤྱུབས,藏文字符,,ས,ྤ,ྱ,,ུ,བ,ས
སྤྱུམས,藏文字符,,ས,ྤ,ྱ,,ུ,མ,ས
སྤྱེགས,藏文字符,,ས,ྤ,ྱ,,ེ,ག,ས
སྤྱེངས,藏文字符,,ས,ྤ,ྱ,,ེ,ང,ས
སྤྱེབས,藏文字符,,ས,ྤ,ྱ,,ེ,བ,ས
སྤྱེམས,藏文字符,,ས,ྤ,ྱ,,ེ,མ,ས
སྤྱོགས,藏文字符,,ས,ྤ,ྱ,,ོ,ག,ས
སྤྱོངས,藏文字符,,ས,ྤ,ྱ,,ོ,ང,ས
སྤྱོབས,藏文字符,,ས,ྤ,ྱ,,ོ,བ,ས
སྤྱོམས,藏文字符,,ས,ྤ,ྱ,,ོ,མ,ས
སྦྱགས,藏文字符,,ས,ྦ,ྱ,,,ག,ས
སྦྱངས,藏文字符,,ས,ྦ,ྱ,,,ང,ས
སྦྱབས,藏文字符,,ས,ྦ,ྱ,,,བ,ས
སྦྱམས,藏文字符,,ས,ྦ,ྱ,,,མ,ས
སྦྱིགས,藏文字符,,ས,ྦ,ྱ,,ི,ག,ས
སྦྱིངས,藏文字符,,ས,ྦ,ྱ,,ི,ང,ས
སྦྱིབས,藏文字符,,ས,ྦ,ྱ,,ི,བ,ས
སྦྱིམས,藏文字符,,ས,ྦ,ྱ,,ི,མ,ས
སྦྱུགས,藏文字符,,ས,ྦ,ྱ,,ུ,ག,ས
སྦྱུངས,藏文字符,,ས,ྦ,ྱ,,ུ,ང,ས
སྦྱུབས,藏文字符,,ས,ྦ,ྱ,,ུ,བ,ས
སྦྱུམས,藏文字符,,ས,ྦ,ྱ,,ུ,མ,ས
སྦྱེགས,藏文字符,,ས,ྦ,ྱ,,ེ,ག,ས
སྦྱེངས,藏文字符,,ས,ྦ,ྱ,,ེ,ང,ས
སྦྱེབས,藏文字符,,ས,ྦ,ྱ,,ེ,བ,ས
སྦྱེམས,藏文字符,,ས,ྦ,ྱ,,ེ,མ,ས
སྦྱོགས,藏文字符,,ས,ྦ,ྱ,,ོ,ག,ས
སྦྱོངས,藏文字符,,ས,ྦ,ྱ,,ོ,ང,ས
སྦྱོབས,藏文字符,,ས,ྦ,ྱ,,ོ,བ,ས
སྦྱོམས,藏文字符,,ས,ྦ,ྱ,,ོ,མ,ས
སྨྱགས,藏文字符,,ས,ྨ,ྱ,,,ག,ས
སྨྱངས,藏文字符,,ས,ྨ,ྱ,,,ང,ས
སྨྱབས,藏文字符,,ས,ྨ,ྱ,,,བ,ས
སྨྱམས,藏文字符,,ས,ྨ,ྱ,,,མ,ས
སྨྱིགས,藏文字符,,ས,ྨ,ྱ,,ི,ག,ས
སྨྱིངས,藏文字符,,ས,ྨ,ྱ,,ི,ང,ས
སྨྱིབས,藏文字符,,ས,ྨ,ྱ,,ི,བ,ས
སྨྱིམས,藏文字符,,ས,ྨ,ྱ,,ི,མ,ས
སྨྱུགས,藏文字符,,ས,ྨ,ྱ,,ུ,ག,ས
སྨྱུངས,藏文字符,,ས,ྨ,ྱ,,ུ,ང,ས
སྨྱུབས,藏文字符,,ས,ྨ,ྱ,,ུ,བ,ས
སྨྱུམས,藏文字符,,ས,ྨ,ྱ,,ུ,མ,ས
སྨྱེགས,藏文字符,,ས,ྨ,ྱ,,ེ,ག,ས
སྨྱེངས,藏文字符,,ས,ྨ,ྱ,,ེ,ང,ས
སྨྱེབས,藏文字符,,ས,ྨ,ྱ,,ེ,བ,ས
སྨྱེམས,藏文字符,,ས,ྨ,ྱ,,ེ,མ,ས
སྨྱོགས,藏文字符,,ས,ྨ,ྱ,,ོ,ག,ས
སྨྱོངས,藏文字符,,ས,ྨ,ྱ,,ོ,ང,ས
སྨྱོབས,藏文字符,,ས,ྨ,ྱ,,ོ,བ,ས
སྨྱོམས,藏文字符,,ས,ྨ,ྱ,,ོ,མ,ས
སྐྲགས,藏文字符,,ས,ྐ,ྲ,,,ག,ས
སྐྲངས,藏文字符,,ས,ྐ,ྲ,,,ང,ས
སྐྲབས,藏文字符,,ས,ྐ,ྲ,,,བ,ས
སྐྲམས,藏文字符,,ས,ྐ,ྲ,,,མ,ས
སྐྲིགས,藏文字符,,ས,ྐ,ྲ,,ི,ག,ས
སྐྲིངས,藏文字符,,ས,ྐ,ྲ,,ི,ང,ས
སྐྲིབས,藏文字符,,ས,ྐ,ྲ,,ི,བ,ས
སྐྲིམས,藏文字符,,ས,ྐ,ྲ,,ི,མ,ས
སྐྲུགས,藏文字符,,ས,ྐ,ྲ,,ུ,ག,ས
སྐྲུངས,藏文字符,,ས,ྐ,ྲ,,ུ,ང,ས
སྐྲུབས,藏文字符,,ས,ྐ,ྲ,,ུ,བ,ས
སྐྲུམས,藏文字符,,ས,ྐ,ྲ,,ུ,མ,ས
སྐྲེགས,藏文字符,,ས,ྐ,ྲ,,ེ,ག,ས
སྐྲེངས,藏文字符,,ས,ྐ,ྲ,,ེ,ང,ས
སྐྲེབས,藏文字符,,ས,ྐ,ྲ,,ེ,བ,ས
སྐྲེམས,藏文字符,,ས,ྐ,ྲ,,ེ,མ,ས
སྐྲོགས,藏文字符,,ས,ྐ,ྲ,,ོ,ག,ས
སྐྲོངས,藏文字符,,ས,ྐ,ྲ,,ོ,ང,ས
སྐྲོབས,藏文字符,,ས,ྐ,ྲ,,ོ,བ,ས
སྐྲོམས,藏文字符,,ས,ྐ,ྲ,,ོ,མ,ས
སྒྲགས,藏文字符,,ས,ྒ,ྲ,,,ག,ས
སྒྲངས,藏文字符,,ས,ྒ,ྲ,,,ང,ས
སྒྲབས,藏文字符,,ས,ྒ,ྲ,,,བ,ས
སྒྲམས,藏文字符,,ས,ྒ,ྲ,,,མ,ས
སྒྲིགས,藏文字符,,ས,ྒ,ྲ,,ི,ག,ས
སྒྲིངས,藏文字符,,ས,ྒ,ྲ,,ི,ང,ས
སྒྲིབས,藏文字符,,ས,ྒ,ྲ,,ི,བ,ས
སྒྲིམས,藏文字符,,ས,ྒ,ྲ,,ི,མ,ས
སྒྲུགས,藏文字符,,ས,ྒ,ྲ,,ུ,ག,ས
སྒྲུངས,藏文字符,,ས,ྒ,ྲ,,ུ,ང,ས
སྒྲུབས,藏文字符,,ས,ྒ,ྲ,,ུ,བ,ས
སྒྲུམས,藏文字符,,ས,ྒ,ྲ,,ུ,མ,ས
སྒྲེགས,藏文字符,,ས,ྒ,ྲ,,ེ,ག,ས
སྒྲེངས,藏文字符,,ས,ྒ,ྲ,,ེ,ང,ས
སྒྲེབས,藏文字符,,ས,ྒ,ྲ,,ེ,བ,ས
སྒྲེམས,藏文字符,,ས,ྒ,ྲ,,ེ,མ,ས
སྒྲོགས,藏文字符,,ས,ྒ,ྲ,,ོ,ག,ས
སྒྲོངས,藏文字符,,ས,ྒ,ྲ,,ོ,ང,ས
སྒྲོབས,藏文字符,,ས,ྒ,ྲ,,ོ,བ,ས
སྒྲོམས,藏文字符,,ས,ྒ,ྲ,,ོ,མ,ས
སྤྲགས,藏文字符,,ས,ྤ,ྲ,,,ག,ས
སྤྲངས,藏文字符,,ས,ྤ,ྲ,,,ང,ས
སྤྲབས,藏文字符,,ས,ྤ,ྲ,,,བ,ས
སྤྲམས,藏文字符,,ས,ྤ,ྲ,,,མ,ས
སྤྲིགས,藏文字符,,ས,ྤ,ྲ,,ི,ག,ས
སྤྲིངས,藏文字符,,ས,ྤ,ྲ,,ི,ང,ས
སྤྲིབས,藏文字符,,ས,ྤ,ྲ,,ི,བ,ས
སྤྲིམས,藏文字符,,ས,ྤ,ྲ,,ི,མ,ས
སྤྲུགས,藏文字符,,ས,ྤ,ྲ,,ུ,ག,ས
སྤྲུངས,藏文字符,,ས,ྤ,ྲ,,ུ,ང,ས
སྤྲུབས,藏文字符,,ས,ྤ,ྲ,,ུ,བ,ས
སྤྲུམས,藏文字符,,ས,ྤ,ྲ,,ུ,མ,ས
སྤྲེགས,藏文字符,,ས,ྤ,ྲ,,ེ,ག,ས
སྤྲེངས,藏文字符,,ས,ྤ,ྲ,,ེ,ང,ས
སྤྲེབས,藏文字符,,ས,ྤ,ྲ,,ེ,བ,ས
སྤྲེམས,藏文字符,,ས,ྤ,ྲ,,ེ,མ,ས
སྤྲོགས,藏文字符,,ས,ྤ,ྲ,,ོ,ག,ས
སྤྲོངས,藏文字符,,ས,ྤ,ྲ,,ོ,ང,ས
སྤྲོབས,藏文字符,,ས,ྤ,ྲ,,ོ,བ,ས
སྤྲོམས,藏文字符,,ས,ྤ,ྲ,,ོ,མ,ས
སྦྲགས,藏文字符,,ས,ྦ,ྲ,,,ག,ས
སྦྲངས,藏文字符,,ས,ྦ,ྲ,,,ང,ས
སྦྲབས,藏文字符,,ས,ྦ,ྲ,,,བ,ས
སྦྲམས,藏文字符,,ས,ྦ,ྲ,,,མ,ས
སྦྲིགས,藏文字符,,ས,ྦ,ྲ,,ི,ག,ས
སྦྲིངས,藏文字符,,ས,ྦ,ྲ,,ི,ང,ས
སྦྲིབས,藏文字符,,ས,ྦ,ྲ,,ི,བ,ས
སྦྲིམས,藏文字符,,ས,ྦ,ྲ,,ི,མ,ས
སྦྲུགས,藏文字符,,ས,ྦ,ྲ,,ུ,ག,ས
སྦྲུངས,藏文字符,,ས,ྦ,ྲ,,ུ,ང,ས
སྦྲུབས,藏文字符,,ས,ྦ,ྲ,,ུ,བ,ས
སྦྲུམས,藏文字符,,ས,ྦ,ྲ,,ུ,མ,ས
སྦྲེགས,藏文字符,,ས,ྦ,ྲ,,ེ,ག,ས
སྦྲེངས,藏文字符,,ས,ྦ,ྲ,,ེ,ང,ས
སྦྲེབས,藏文字符,,ས,ྦ,ྲ,,ེ,བ,ས
སྦྲེམས,藏文字符,,ས,ྦ,ྲ,,ེ,མ,ས
སྦྲོགས,藏文字符,,ས,ྦ,ྲ,,ོ,ག,ས
སྦྲོངས,藏文字符,,ས,ྦ,ྲ,,ོ,ང,ས
སྦྲོབས,藏文字符,,ས,ྦ,ྲ,,ོ,བ,ས
སྦྲོམས,藏文字符,,ས,ྦ,ྲ,,ོ,མ,ས
སྨྲགས,藏文字符,,ས,ྨ,ྲ,,,ག,ས
སྨྲངས,藏文字符,,ས,ྨ,ྲ,,,ང,ས
སྨྲབས,藏文字符,,ས,ྨ,ྲ,,,བ,ས
སྨྲམས,藏文字符,,ས,ྨ,ྲ,,,མ,ས
སྨྲིགས,藏文字符,,ས,ྨ,ྲ,,ི,ག,ས
སྨྲིངས,藏文字符,,ས,ྨ,ྲ,,ི,ང,ས
སྨྲིབས,藏文字符,,ས,ྨ,ྲ,,ི,བ,ས
སྨྲིམས,藏文字符,,ས,ྨ,ྲ,,ི,མ,ས
སྨྲུགས,藏文字符,,ས,ྨ,ྲ,,ུ,ག,ས
སྨྲུངས,藏文字符,,ས,ྨ,ྲ,,ུ,ང,ས
སྨྲུབས,藏文字符,,ས,ྨ,ྲ,,ུ,བ,ས
སྨྲུམས,藏文字符,,ས,ྨ,ྲ,,ུ,མ,ས
སྨྲེགས,藏文字符,,ས,ྨ,ྲ,,ེ,ག,ས
སྨྲེངས,藏文字符,,ས,ྨ,ྲ,,ེ,ང,ས
སྨྲེབས,藏文字符,,ས,ྨ,ྲ,,ེ,བ,ས
སྨྲེམས,藏文字符,,ས,ྨ,ྲ,,ེ,མ,ས
སྨྲོགས,藏文字符,,ས,ྨ,ྲ,,ོ,ག,ས
སྨྲོངས,藏文字符,,ས,ྨ,ྲ,,ོ,ང,ས
སྨྲོབས,藏文字符,,ས,ྨ,ྲ,,ོ,བ,ས
སྨྲོམས,藏文字符,,ས,ྨ,ྲ,,ོ,མ,ས
སྣྲགས,藏文字符,,ས,ྣ,ྲ,,,ག,ས
སྣྲངས,藏文字符,,ས,ྣ,ྲ,,,ང,ས
སྣྲབས,藏文字符,,ས,ྣ,ྲ,,,བ,ས
སྣྲམས,藏文字符,,ས,ྣ,ྲ,,,མ,ས
སྣྲིགས,藏文字符,,ས,ྣ,ྲ,,ི,ག,ས
སྣྲིངས,藏文字符,,ས,ྣ,ྲ,,ི,ང,ས
སྣྲིབས,藏文字符,,ས,ྣ,ྲ,,ི,བ,ས
སྣྲིམས,藏文字符,,ས,ྣ,ྲ,,ི,མ,ས
སྣྲུགས,藏文字符,,ས,ྣ,ྲ,,ུ,ག,ས
སྣྲུངས,藏文字符,,ས,ྣ,ྲ,,ུ,ང,ས
སྣྲུབས,藏文字符,,ས,ྣ,ྲ,,ུ,བ,ས
སྣྲུམས,藏文字符,,ས,ྣ,ྲ,,ུ,མ,ས
སྣྲེགས,藏文字符,,ས,ྣ,ྲ,,ེ,ག,ས
སྣྲེངས,藏文字符,,ས,ྣ,ྲ,,ེ,ང,ས
སྣྲེབས,藏文字符,,ས,ྣ,ྲ,,ེ,བ,ས
སྣྲེམས,藏文字符,,ས,ྣ,ྲ,,ེ,མ,ས
སྣྲོགས,藏文字符,,ས,ྣ,ྲ,,ོ,ག,ས
སྣྲོངས,藏文字符,,ས,ྣ,ྲ,,ོ,ང,ས
སྣྲོབས,藏文字符,,ས,ྣ,ྲ,,ོ,བ,ས
སྣྲོམས,藏文字符,,ས,ྣ,ྲ,,ོ,མ,ས
གཅགས,藏文字符,ག,,ཅ,,,,ག,ས
གཅངས,藏文字符,ག,,ཅ,,,,ང,ས
གཅབས,藏文字符,ག,,ཅ,,,,བ,ས
གཅམས,藏文字符,ག,,ཅ,,,,མ,ས
གཅིགས,藏文字符,ག,,ཅ,,,ི,ག,ས
གཅིངས,藏文字符,ག,,ཅ,,,ི,ང,ས
གཅིབས,藏文字符,ག,,ཅ,,,ི,བ,ས
གཅིམས,藏文字符,ག,,ཅ,,,ི,མ,ས
གཅུགས,藏文字符,ག,,ཅ,,,ུ,ག,ས
གཅུངས,藏文字符,ག,,ཅ,,,ུ,ང,ས
གཅུབས,藏文字符,ག,,ཅ,,,ུ,བ,ས
གཅུམས,藏文字符,ག,,ཅ,,,ུ,མ,ས
གཅེགས,藏文字符,ག,,ཅ,,,ེ,ག,ས
གཅེངས,藏文字符,ག,,ཅ,,,ེ,ང,ས
གཅེབས,藏文字符,ག,,ཅ,,,ེ,བ,ས
གཅེམས,藏文字符,ག,,ཅ,,,ེ,མ,ས
གཅོགས,藏文字符,ག,,ཅ,,,ོ,ག,ས
གཅོངས,藏文字符,ག,,ཅ,,,ོ,ང,ས
གཅོབས,藏文字符,ག,,ཅ,,,ོ,བ,ས
གཅོམས,藏文字符,ག,,ཅ,,,ོ,མ,ས
གཙགས,藏文字符,ག,,ཙ,,,,ག,ས
གཙངས,藏文字符,ག,,ཙ,,,,ང,ས
གཙབས,藏文字符,ག,,ཙ,,,,བ,ས
གཙམས,藏文字符,ག,,ཙ,,,,མ,ས
གཙིགས,藏文字符,ག,,ཙ,,,ི,ག,ས
གཙིངས,藏文字符,ག,,ཙ,,,ི,ང,ས
གཙིབས,藏文字符,ག,,ཙ,,,ི,བ,ས
གཙིམས,藏文字符,ག,,ཙ,,,ི,མ,ས
གཙུགས,藏文字符,ག,,ཙ,,,ུ,ག,ས
གཙུངས,藏文字符,ག,,ཙ,,,ུ,ང,ས
གཙུབས,藏文字符,ག,,ཙ,,,ུ,བ,ས
གཙུམས,藏文字符,ག,,ཙ,,,ུ,མ,ས
གཙེགས,藏文字符,ག,,ཙ,,,ེ,ག,ས
གཙེངས,藏文字符,ག,,ཙ,,,ེ,ང,ས
གཙེབས,藏文字符,ག,,ཙ,,,ེ,བ,ས
གཙེམས,藏文字符,ག,,ཙ,,,ེ,མ,ས
གཙོགས,藏文字符,ག,,ཙ,,,ོ,ག,ས
གཙོངས,藏文字符,ག,,ཙ,,,ོ,ང,ས
གཙོབས,藏文字符,ག,,ཙ,,,ོ,བ,ས
གཙོམས,藏文字符,ག,,ཙ,,,ོ,མ,ས
གཉགས,藏文字符,ག,,ཉ,,,,ག,ས
གཉངས,藏文字符,ག,,ཉ,,,,ང,ས
གཉབས,藏文字符,ག,,ཉ,,,,བ,ས
གཉམས,藏文字符,ག,,ཉ,,,,མ,ས
གཉིགས,藏文字符,ག,,ཉ,,,ི,ག,ས
གཉིངས,藏文字符,ག,,ཉ,,,ི,ང,ས
གཉིབས,藏文字符,ག,,ཉ,,,ི,བ,ས
གཉིམས,藏文字符,ག,,ཉ,,,ི,མ,ས
གཉུགས,藏文字符,ག,,ཉ,,,ུ,ག,ས
གཉུངས,藏文字符,ག,,ཉ,,,ུ,ང,ས
གཉུབས,藏文字符,ག,,ཉ,,,ུ,བ,ས
གཉུམས,藏文字符,ག,,ཉ,,,ུ,མ,ས
གཉེགས,藏文字符,ག,,ཉ,,,ེ,ག,ས
གཉེངས,藏文字符,ག,,ཉ,,,ེ,ང,ས
གཉེབས,藏文字符,ག,,ཉ,,,ེ,བ,ས
གཉེམས,藏文字符,ག,,ཉ,,,ེ,མ,ས
གཉོགས,藏文字符,ག,,ཉ,,,ོ,ག,ས
གཉོངས,藏文字符,ག,,ཉ,,,ོ,ང,ས
གཉོབས,藏文字符,ག,,ཉ,,,ོ,བ,ས
གཉོམས,藏文字符,ག,,ཉ,,,ོ,མ,ས
གཏགས,藏文字符,ག,,ཏ,,,,ག,ས
གཏངས,藏文字符,ག,,ཏ,,,,ང,ས
གཏབས,藏文字符,ག,,ཏ,,,,བ,ས
གཏམས,藏文字符,ག,,ཏ,,,,མ,ས
གཏིགས,藏文字符,ག,,ཏ,,,ི,ག,ས
གཏིངས,藏文字符,ག,,ཏ,,,ི,ང,ས
གཏིབས,藏文字符,ག,,ཏ,,,ི,བ,ས
གཏིམས,藏文字符,ག,,ཏ,,,ི,མ,ས
གཏུགས,藏文字符,ག,,ཏ,,,ུ,ག,ས
གཏུངས,藏文字符,ག,,ཏ,,,ུ,ང,ས
གཏུབས,藏文字符,ག,,ཏ,,,ུ,བ,ས
གཏུམས,藏文字符,ག,,ཏ,,,ུ,མ,ས
གཏེགས,藏文字符,ག,,ཏ,,,ེ,ག,ས
གཏེངས,藏文字符,ག,,ཏ,,,ེ,ང,ས
གཏེབས,藏文字符,ག,,ཏ,,,ེ,བ,ས
གཏེམས,藏文字符,ག,,ཏ,,,ེ,མ,ས
གཏོགས,藏文字符,ག,,ཏ,,,ོ,ག,ས
གཏོངས,藏文字符,ག,,ཏ,,,ོ,ང,ས
གཏོབས,藏文字符,ག,,ཏ,,,ོ,བ,ས
གཏོམས,藏文字符,ག,,ཏ,,,ོ,མ,ས
གདགས,藏文字符,ག,,ད,,,,ག,ས
གདངས,藏文字符,ག,,ད,,,,ང,ས
གདབས,藏文字符,ག,,ད,,,,བ,ས
གདམས,藏文字符,ག,,ད,,,,མ,ས
གདིགས,藏文字符,ག,,ད,,,ི,ག,ས
གདིངས,藏文字符,ག,,ད,,,ི,ང,ས
གདིབས,藏文字符,ག,,ད,,,ི,བ,ས
གདིམས,藏文字符,ག,,ད,,,ི,མ,ས
གདུགས,藏文字符,ག,,ད,,,ུ,ག,ས
གདུངས,藏文字符,ག,,ད,,,ུ,ང,ས
གདུབས,藏文字符,ག,,ད,,,ུ,བ,ས
གདུམས,藏文字符,ག,,ད,,,ུ,མ,ས
གདེགས,藏文字符,ག,,ད,,,ེ,ག,ས
གདེངས,藏文字符,ག,,ད,,,ེ,ང,ས
གདེབས,藏文字符,ག,,ད,,,ེ,བ,ས
གདེམས,藏文字符,ག,,ད,,,ེ,མ,ས
གདོགས,藏文字符,ག,,ད,,,ོ,ག,ས
གདོངས,藏文字符,ག,,ད,,,ོ,ང,ས
གདོབས,藏文字符,ག,,ད,,,ོ,བ,ས
གདོམས,藏文字符,ག,,ད,,,ོ,མ,ས
གནགས,藏文字符,ག,,ན,,,,ག,ས
གནངས,藏文字符,ག,,ན,,,,ང,ས
གནབས,藏文字符,ག,,ན,,,,བ,ས
གནམས,藏文字符,ག,,ན,,,,མ,ས
གནིགས,藏文字符,ག,,ན,,,ི,ག,ས
གནིངས,藏文字符,ག,,ན,,,ི,ང,ས
གནིབས,藏文字符,ག,,ན,,,ི,བ,ས
གནིམས,藏文字符,ག,,ན,,,ི,མ,ས
གནུགས,藏文字符,ག,,ན,,,ུ,ག,ས
གནུངས,藏文字符,ག,,ན,,,ུ,ང,ས
གནུབས,藏文字符,ག,,ན,,,ུ,བ,ས
གནུམས,藏文字符,ག,,ན,,,ུ,མ,ས
གནེགས,藏文字符,ག,,ན,,,ེ,ག,ས
གནེངས,藏文字符,ག,,ན,,,ེ,ང,ས
གནེབས,藏文字符,ག,,ན,,,ེ,བ,ས
གནེམས,藏文字符,ག,,ན,,,ེ,མ,ས
གནོགས,藏文字符,ག,,ན,,,ོ,ག,ས
གནོངས,藏文字符,ག,,ན,,,ོ,ང,ས
གནོབས,藏文字符,ག,,ན,,,ོ,བ,ས
གནོམས,藏文字符,ག,,ན,,,ོ,མ,ས
གཞགས,藏文字符,ག,,ཞ,,,,ག,ས
གཞངས,藏文字符,ག,,ཞ,,,,ང,ས
གཞབས,藏文字符,ག,,ཞ,,,,བ,ས
གཞམས,藏文字符,ག,,ཞ,,,,མ,ས
གཞིགས,藏文字符,ག,,ཞ,,,ི,ག,ས
གཞིངས,藏文字符,ག,,ཞ,,,ི,ང,ས
གཞིབས,藏文字符,ག,,ཞ,,,ི,བ,ས
གཞིམས,藏文字符,ག,,ཞ,,,ི,མ,ས
གཞུགས,藏文字符,ག,,ཞ,,,ུ,ག,ས
གཞུངས,藏文字符,ག,,ཞ,,,ུ,ང,ས
གཞུབས,藏文字符,ག,,ཞ,,,ུ,བ,ས
གཞུམས,藏文字符,ག,,ཞ,,,ུ,མ,ས
གཞེགས,藏文字符,ག,,ཞ,,,ེ,ག,ས
གཞེངས,藏文字符,ག,,ཞ,,,ེ,ང,ས
གཞེབས,藏文字符,ག,,ཞ,,,ེ,བ,ས
གཞེམས,藏文字符,ག,,ཞ,,,ེ,མ,ས
གཞོགས,藏文字符,ག,,ཞ,,,ོ,ག,ས
གཞོངས,藏文字符,ག,,ཞ,,,ོ,ང,ས
གཞོབས,藏文字符,ག,,ཞ,,,ོ,བ,ས
གཞོམས,藏文字符,ག,,ཞ,,,ོ,མ,ས
གཟགས,藏文字符,ག,,ཟ,,,,ག,ས
གཟངས,藏文字符,ག,,ཟ,,,,ང,ས
གཟབས,藏文字符,ག,,ཟ,,,,བ,ས
གཟམས,藏文字符,ག,,ཟ,,,,མ,ས
གཟིགས,藏文字符,ག,,ཟ,,,ི,ག,ས
གཟིངས,藏文字符,ག,,ཟ,,,ི,ང,ས
གཟིབས,藏文字符,ག,,ཟ,,,ི,བ,ས
གཟིམས,藏文字符,ག,,ཟ,,,ི,མ,ས
གཟུགས,藏文字符,ག,,ཟ,,,ུ,ག,ས
གཟུངས,藏文字符,ག,,ཟ,,,ུ,ང,ས
གཟུབས,藏文字符,ག,,ཟ,,,ུ,བ,ས
གཟུམས,藏文字符,ག,,ཟ,,,ུ,མ,ས
གཟེགས,藏文字符,ག,,ཟ,,,ེ,ག,ས
གཟེངས,藏文字符,ག,,ཟ,,,ེ,ང,ས
གཟེབས,藏文字符,ག,,ཟ,,,ེ,བ,ས
གཟེམས,藏文字符,ག,,ཟ,,,ེ,མ,ས
གཟོགས,藏文字符,ག,,ཟ,,,ོ,ག,ས
གཟོངས,藏文字符,ག,,ཟ,,,ོ,ང,ས
གཟོབས,藏文字符,ག,,ཟ,,,ོ,བ,ས
གཟོམས,藏文字符,ག,,ཟ,,,ོ,མ,ས
གཡགས,藏文字符,ག,,ཡ,,,,ག,ས
གཡངས,藏文字符,ག,,ཡ,,,,ང,ས
གཡབས,藏文字符,ག,,ཡ,,,,བ,ས
གཡམས,藏文字符,ག,,ཡ,,,,མ,ས
གཡིགས,藏文字符,ག,,ཡ,,,ི,ག,ས
གཡིངས,藏文字符,ག,,ཡ,,,ི,ང,ས
གཡིབས,藏文字符,ག,,ཡ,,,ི,བ,ས
གཡིམས,藏文字符,ག,,ཡ,,,ི,མ,ས
གཡུགས,藏文字符,ག,,ཡ,,,ུ,ག,ས
གཡུངས,藏文字符,ག,,ཡ,,,ུ,ང,ས
གཡུབས,藏文字符,ག,,ཡ,,,ུ,བ,ས
གཡུམས,藏文字符,ག,,ཡ,,,ུ,མ,ས
གཡེགས,藏文字符,ག,,ཡ,,,ེ,ག,ས
གཡེངས,藏文字符,ག,,ཡ,,,ེ,ང,ས
གཡེབས,藏文字符,ག,,ཡ,,,ེ,བ,ས
གཡེམས,藏文字符,ག,,ཡ,,,ེ,མ,ས
གཡོགས,藏文字符,ག,,ཡ,,,ོ,ག,ས
གཡོངས,藏文字符,ག,,ཡ,,,ོ,ང,ས
གཡོབས,藏文字符,ག,,ཡ,,,ོ,བ,ས
གཡོམས,藏文字符,ག,,ཡ,,,ོ,མ,ས
གཤགས,藏文字符,ག,,ཤ,,,,ག,ས
གཤངས,藏文字符,ག,,ཤ,,,,ང,ས
གཤབས,藏文字符,ག,,ཤ,,,,བ,ས
གཤམས,藏文字符,ག,,ཤ,,,,མ,ས
གཤིགས,藏文字符,ག,,ཤ,,,ི,ག,ས
གཤིངས,藏文字符,ག,,ཤ,,,ི,ང,ས
གཤིབས,藏文字符,ག,,ཤ,,,ི,བ,ས
གཤིམས,藏文字符,ག,,ཤ,,,ི,མ,ས
གཤུགས,藏文字符,ག,,ཤ,,,ུ,ག,ས
གཤུངས,藏文字符,ག,,ཤ,,,ུ,ང,ས
གཤུབས,藏文字符,ག,,ཤ,,,ུ,བ,ས
གཤུམས,藏文字符,ག,,ཤ,,,ུ,མ,ས
གཤེགས,藏文字符,ག,,ཤ,,,ེ,ག,ས
གཤེངས,藏文字符,ག,,ཤ,,,ེ,ང,ས
གཤེབས,藏文字符,ག,,ཤ,,,ེ,བ,ས
གཤེམས,藏文字符,ག,,ཤ,,,ེ,མ,ས
གཤོགས,藏文字符,ག,,ཤ,,,ོ,ག,ས
གཤོངས,藏文字符,ག,,ཤ,,,ོ,ང,ས
གཤོབས,藏文字符,ག,,ཤ,,,ོ,བ,ས
གཤོམས,藏文字符,ག,,ཤ,,,ོ,མ,ས
གསགས,藏文字符,ག,,ས,,,,ག,ས
གསངས,藏文字符,ག,,ས,,,,ང,ས
གསབས,藏文字符,ག,,ས,,,,བ,ས
གསམས,藏文字符,ག,,ས,,,,མ,ས
གསིགས,藏文字符,ག,,ས,,,ི,ག,ས
གསིངས,藏文字符,ག,,ས,,,ི,ང,ས
གསིབས,藏文字符,ག,,ས,,,ི,བ,ས
གསིམས,藏文字符,ག,,ས,,,ི,མ,ས
གསུགས,藏文字符,ག,,ས,,,ུ,ག,ས
གསུངས,藏文字符,ག,,ས,,,ུ,ང,ས
གསུབས,藏文字符,ག,,ས,,,ུ,བ,ས
གསུམས,藏文字符,ག,,ས,,,ུ,མ,ས
གསེགས,藏文字符,ག,,ས,,,ེ,ག,ས
གསེངས,藏文字符,ག,,ས,,,ེ,ང,ས
གསེབས,藏文字符,ག,,ས,,,ེ,བ,ས
གསེམས,藏文字符,ག,,ས,,,ེ,མ,ས
གསོགས,藏文字符,ག,,ས,,,ོ,ག,ས
གསོངས,藏文字符,ག,,ས,,,ོ,ང,ས
གསོབས,藏文字符,ག,,ས,,,ོ,བ,ས
གསོམས,藏文字符,ག,,ས,,,ོ,མ,ས
དཀགས,藏文字符,ད,,ཀ,,,,ག,ས
དཀངས,藏文字符,ད,,ཀ,,,,ང,ས
དཀབས,藏文字符,ད,,ཀ,,,,བ,ས
དཀམས,藏文字符,ད,,ཀ,,,,མ,ས
དཀིགས,藏文字符,ད,,ཀ,,,ི,ག,ས
དཀིངས,藏文字符,ད,,ཀ,,,ི,ང,ས
དཀིབས,藏文字符,ད,,ཀ,,,ི,བ,ས
དཀིམས,藏文字符,ད,,ཀ,,,ི,མ,ས
དཀུགས,藏文字符,ད,,ཀ,,,ུ,ག,ས
དཀུངས,藏文字符,ད,,ཀ,,,ུ,ང,ས
དཀུབས,藏文字符,ད,,ཀ,,,ུ,བ,ས
དཀུམས,藏文字符,ད,,ཀ,,,ུ,མ,ས
དཀེགས,藏文字符,ད,,ཀ,,,ེ,ག,ས
དཀེངས,藏文字符,ད,,ཀ,,,ེ,ང,ས
དཀེབས,藏文字符,ད,,ཀ,,,ེ,བ,ས
དཀེམས,藏文字符,ད,,ཀ,,,ེ,མ,ས
དཀོགས,藏文字符,ད,,ཀ,,,ོ,ག,ས
དཀོངས,藏文字符,ད,,ཀ,,,ོ,ང,ས
དཀོབས,藏文字符,ད,,ཀ,,,ོ,བ,ས
དཀོམས,藏文字符,ད,,ཀ,,,ོ,མ,ས
དགགས,藏文字符,ད,,ག,,,,ག,ས
དགངས,藏文字符,ད,,ག,,,,ང,ས
དགབས,藏文字符,ད,,ག,,,,བ,ས
དགམས,藏文字符,ད,,ག,,,,མ,ས
དགིགས,藏文字符,ད,,ག,,,ི,ག,ས
དགིངས,藏文字符,ད,,ག,,,ི,ང,ས
དགིབས,藏文字符,ད,,ག,,,ི,བ,ས
དགིམས,藏文字符,ད,,ག,,,ི,མ,ས
དགུགས,藏文字符,ད,,ག,,,ུ,ག,ས
དགུངས,藏文字符,ད,,ག,,,ུ,ང,ས
དགུབས,藏文字符,ད,,ག,,,ུ,བ,ས
དགུམས,藏文字符,ད,,ག,,,ུ,མ,ས
དགེགས,藏文字符,ད,,ག,,,ེ,ག,ས
དགེངས,藏文字符,ད,,ག,,,ེ,ང,ས
དགེབས,藏文字符,ད,,ག,,,ེ,བ,ས
དགེམས,藏文字符,ད,,ག,,,ེ,མ,ས
དགོགས,藏文字符,ད,,ག,,,ོ,ག,ས
དགོངས,藏文字符,ད,,ག,,,ོ,ང,ས
དགོབས,藏文字符,ད,,ག,,,ོ,བ,ས
དགོམས,藏文字符,ད,,ག,,,ོ,མ,ས
དངགས,藏文字符,ད,,ང,,,,ག,ས
དངངས,藏文字符,ད,,ང,,,,ང,ས
དངབས,藏文字符,ད,,ང,,,,བ,ས
དངམས,藏文字符,ད,,ང,,,,མ,ས
དངིགས,藏文字符,ད,,ང,,,ི,ག,ས
དངིངས,藏文字符,ད,,ང,,,ི,ང,ས
དངིབས,藏文字符,ད,,ང,,,ི,བ,ས
དངིམས,藏文字符,ད,,ང,,,ི,མ,ས
དངུགས,藏文字符,ད,,ང,,,ུ,ག,ས
དངུངས,藏文字符,ད,,ང,,,ུ,ང,ས
དངུབས,藏文字符,ད,,ང,,,ུ,བ,ས
དངུམས,藏文字符,ད,,ང,,,ུ,མ,ས
དངེགས,藏文字符,ད,,ང,,,ེ,ག,ས
དངེངས,藏文字符,ད,,ང,,,ེ,ང,ས
དངེབས,藏文字符,ད,,ང,,,ེ,བ,ས
དངེམས,藏文字符,ད,,ང,,,ེ,མ,ས
དངོགས,藏文字符,ད,,ང,,,ོ,ག,ས
དངོངས,藏文字符,ད,,ང,,,ོ,ང,ས
དངོབས,藏文字符,ད,,ང,,,ོ,བ,ས
དངོམས,藏文字符,ད,,ང,,,ོ,མ,ས
དཔགས,藏文字符,ད,,པ,,,,ག,ས
དཔངས,藏文字符,ད,,པ,,,,ང,ས
དཔབས,藏文字符,ད,,པ,,,,བ,ས
དཔམས,藏文字符,ད,,པ,,,,མ,ས
དཔིགས,藏文字符,ད,,པ,,,ི,ག,ས
དཔིངས,藏文字符,ད,,པ,,,ི,ང,ས
དཔིབས,藏文字符,ད,,པ,,,ི,བ,ས
དཔིམས,藏文字符,ད,,པ,,,ི,མ,ས
དཔུགས,藏文字符,ད,,པ,,,ུ,ག,ས
དཔུངས,藏文字符,ད,,པ,,,ུ,ང,ས
དཔུབས,藏文字符,ད,,པ,,,ུ,བ,ས
དཔུམས,藏文字符,ད,,པ,,,ུ,མ,ས
དཔེགས,藏文字符,ད,,པ,,,ེ,ག,ས
དཔེངས,藏文字符,ད,,པ,,,ེ,ང,ས
དཔེབས,藏文字符,ད,,པ,,,ེ,བ,ས
དཔེམས,藏文字符,ད,,པ,,,ེ,མ,ས
དཔོགས,藏文字符,ད,,པ,,,ོ,ག,ས
དཔོངས,藏文字符,ད,,པ,,,ོ,ང,ས
དཔོབས,藏文字符,ད,,པ,,,ོ,བ,ས
དཔོམས,藏文字符,ད,,པ,,,ོ,མ,ས
དབགས,藏文字符,ད,,བ,,,,ག,ས
དབངས,藏文字符,ད,,བ,,,,ང,ས
དབབས,藏文字符,ད,,བ,,,,བ,ས
དབམས,藏文字符,ད,,བ,,,,མ,ས
དབིགས,藏文字符,ད,,བ,,,ི,ག,ས
དབིངས,藏文字符,ད,,བ,,,ི,ང,ས
དབིབས,藏文字符,ད,,བ,,,ི,བ,ས
དབིམས,藏文字符,ད,,བ,,,ི,མ,ས
དབུགས,藏文字符,ད,,བ,,,ུ,ག,ས
དབུངས,藏文字符,ད,,བ,,,ུ,ང,ས
དབུབས,藏文字符,ད,,བ,,,ུ,བ,ས
དབུམས,藏文字符,ད,,བ,,,ུ,མ,ས
དབེགས,藏文字符,ད,,བ,,,ེ,ག,ས
དབེངས,藏文字符,ད,,བ,,,ེ,ང,ས
དབེབས,藏文字符,ད,,བ,,,ེ,བ,ས
དབེམས,藏文字符,ད,,བ,,,ེ,མ,ས
དབོགས,藏文字符,ད,,བ,,,ོ,ག,ས
དབོངས,藏文字符,ད,,བ,,,ོ,ང,ས
དབོབས,藏文字符,ད,,བ,,,ོ,བ,ས
དབོམས,藏文字符,ད,,བ,,,ོ,མ,ས
དམགས,藏文字符,ད,,མ,,,,ག,ས
དམངས,藏文字符,ད,,མ,,,,ང,ས
དམབས,藏文字符,ད,,མ,,,,བ,ས
དམམས,藏文字符,ད,,མ,,,,མ,ས
དམིགས,藏文字符,ད,,མ,,,ི,ག,ས
དམིངས,藏文字符,ད,,མ,,,ི,ང,ས
དམིབས,藏文字符,ད,,མ,,,ི,བ,ས
དམིམས,藏文字符,ད,,མ,,,ི,མ,ས
དམུགས,藏文字符,ད,,མ,,,ུ,ག,ས
དམུངས,藏文字符,ད,,མ,,,ུ,ང,ས
དམུབས,藏文字符,ད,,མ,,,ུ,བ,ས
དམུམས,藏文字符,ད,,མ,,,ུ,མ,ས
དམེགས,藏文字符,ད,,མ,,,ེ,ག,ས
དམེངས,藏文字符,ད,,མ,,,ེ,ང,ས
དམེབས,藏文字符,ད,,མ,,,ེ,བ,ས
དམེམས,藏文字符,ད,,མ,,,ེ,མ,ས
དམོགས,藏文字符,ད,,མ,,,ོ,ག,ས
དམོངས,藏文字符,ད,,མ,,,ོ,ང,ས
དམོབས,藏文字符,ད,,མ,,,ོ,བ,ས
དམོམས,藏文字符,ད,,མ,,,ོ,མ,ས
བཀགས,藏文字符,བ,,ཀ,,,,ག,ས
བཀངས,藏文字符,བ,,ཀ,,,,ང,ས
བཀབས,藏文字符,བ,,ཀ,,,,བ,ས
བཀམས,藏文字符,བ,,ཀ,,,,མ,ས
བཀིགས,藏文字符,བ,,ཀ,,,ི,ག,ས
བཀིངས,藏文字符,བ,,ཀ,,,ི,ང,ས
བཀིབས,藏文字符,བ,,ཀ,,,ི,བ,ས
བཀིམས,藏文字符,བ,,ཀ,,,ི,མ,ས
བཀུགས,藏文字符,བ,,ཀ,,,ུ,ག,ས
བཀུངས,藏文字符,བ,,ཀ,,,ུ,ང,ས
བཀུབས,藏文字符,བ,,ཀ,,,ུ,བ,ས
བཀུམས,藏文字符,བ,,ཀ,,,ུ,མ,ས
བཀེགས,藏文字符,བ,,ཀ,,,ེ,ག,ས
བཀེངས,藏文字符,བ,,ཀ,,,ེ,ང,ས
བཀེབས,藏文字符,བ,,ཀ,,,ེ,བ,ས
བཀེམས,藏文字符,བ,,ཀ,,,ེ,མ,ས
བཀོགས,藏文字符,བ,,ཀ,,,ོ,ག,ས
བཀོངས,藏文字符,བ,,ཀ,,,ོ,ང,ས
བཀོབས,藏文字符,བ,,ཀ,,,ོ,བ,ས
བཀོམས,藏文字符,བ,,ཀ,,,ོ,མ,ས
བགགས,藏文字符,བ,,ག,,,,ག,ས
བགངས,藏文字符,བ,,ག,,,,ང,ས
བགབས,藏文字符,བ,,ག,,,,བ,ས
བགམས,藏文字符,བ,,ག,,,,མ,ས
བགིགས,藏文字符,བ,,ག,,,ི,ག,ས
བགིངས,藏文字符,བ,,ག,,,ི,ང,ས
བགིབས,藏文字符,བ,,ག,,,ི,བ,ས
བགིམས,藏文字符,བ,,ག,,,ི,མ,ས
བགུགས,藏文字符,བ,,ག,,,ུ,ག,ས
བགུངས,藏文字符,བ,,ག,,,ུ,ང,ས
བགུབས,藏文字符,བ,,ག,,,ུ,བ,ས
བགུམས,藏文字符,བ,,ག,,,ུ,མ,ས
བགེགས,藏文字符,བ,,ག,,,ེ,ག,ས
བགེངས,藏文字符,བ,,ག,,,ེ,ང,ས
བགེབས,藏文字符,བ,,ག,,,ེ,བ,ས
བགེམས,藏文字符,བ,,ག,,,ེ,མ,ས
བགོགས,藏文字符,བ,,ག,,,ོ,ག,ས
བགོངས,藏文字符,བ,,ག,,,ོ,ང,ས
བགོབས,藏文字符,བ,,ག,,,ོ,བ,ས
བགོམས,藏文字符,བ,,ག,,,ོ,མ,ས
བཅགས,藏文字符,བ,,ཅ,,,,ག,ས
བཅངས,藏文字符,བ,,ཅ,,,,ང,ས
བཅབས,藏文字符,བ,,ཅ,,,,བ,ས
བཅམས,藏文字符,བ,,ཅ,,,,མ,ས
བཅིགས,藏文字符,བ,,ཅ,,,ི,ག,ས
བཅིངས,藏文字符,བ,,ཅ,,,ི,ང,ས
བཅིབས,藏文字符,བ,,ཅ,,,ི,བ,ས
བཅིམས,藏文字符,བ,,ཅ,,,ི,མ,ས
བཅུགས,藏文字符,བ,,ཅ,,,ུ,ག,ས
བཅུངས,藏文字符,བ,,ཅ,,,ུ,ང,ས
བཅུབས,藏文字符,བ,,ཅ,,,ུ,བ,ས
བཅུམས,藏文字符,བ,,ཅ,,,ུ,མ,ས
བཅེགས,藏文字符,བ,,ཅ,,,ེ,ག,ས
བཅེངས,藏文字符,བ,,ཅ,,,ེ,ང,ས
བཅེབས,藏文字符,བ,,ཅ,,,ེ,བ,ས
བཅེམས,藏文字符,བ,,ཅ,,,ེ,མ,ས
བཅོགས,藏文字符,བ,,ཅ,,,ོ,ག,ས
བཅོངས,藏文字符,བ,,ཅ,,,ོ,ང,ས
བཅོབས,藏文字符,བ,,ཅ,,,ོ,བ,ས
བཅོམས,藏文字符,བ,,ཅ,,,ོ,མ,ས
བཙགས,藏文字符,བ,,ཙ,,,,ག,ས
བཙངས,藏文字符,བ,,ཙ,,,,ང,ས
བཙབས,藏文字符,བ,,ཙ,,,,བ,ས
བཙམས,藏文字符,བ,,ཙ,,,,མ,ས
བཙིགས,藏文字符,བ,,ཙ,,,ི,ག,ས
བཙིངས,藏文字符,བ,,ཙ,,,ི,ང,ས
བཙིབས,藏文字符,བ,,ཙ,,,ི,བ,ས
བཙིམས,藏文字符,བ,,ཙ,,,ི,མ,ས
བཙུགས,藏文字符,བ,,ཙ,,,ུ,ག,ས
བཙུངས,藏文字符,བ,,ཙ,,,ུ,ང,ས
བཙུབས,藏文字符,བ,,ཙ,,,ུ,བ,ས
བཙུམས,藏文字符,བ,,ཙ,,,ུ,མ,ས
བཙེགས,藏文字符,བ,,ཙ,,,ེ,ག,ས
བཙེངས,藏文字符,བ,,ཙ,,,ེ,ང,ས
བཙེབས,藏文字符,བ,,ཙ,,,ེ,བ,ས
བཙེམས,藏文字符,བ,,ཙ,,,ེ,མ,ས
བཙོགས,藏文字符,བ,,ཙ,,,ོ,ག,ས
བཙོངས,藏文字符,བ,,ཙ,,,ོ,ང,ས
བཙོབས,藏文字符,བ,,ཙ,,,ོ,བ,ས
བཙོམས,藏文字符,བ,,ཙ,,,ོ,མ,ས
བཏགས,藏文字符,བ,,ཏ,,,,ག,ས
བཏངས,藏文字符,བ,,ཏ,,,,ང,ས
བཏབས,藏文字符,བ,,ཏ,,,,བ,ས
བཏམས,藏文字符,བ,,ཏ,,,,མ,ས
བཏིགས,藏文字符,བ,,ཏ,,,ི,ག,ས
བཏིངས,藏文字符,བ,,ཏ,,,ི,ང,ས
བཏིབས,藏文字符,བ,,ཏ,,,ི,བ,ས
བཏིམས,藏文字符,བ,,ཏ,,,ི,མ,ས
བཏུགས,藏文字符,བ,,ཏ,,,ུ,ག,ས
བཏུངས,藏文字符,བ,,ཏ,,,ུ,ང,ས
བཏུབས,藏文字符,བ,,ཏ,,,ུ,བ,ས
བཏུམས,藏文字符,བ,,ཏ,,,ུ,མ,ས
བཏེགས,藏文字符,བ,,ཏ,,,ེ,ག,ས
བཏེངས,藏文字符,བ,,ཏ,,,ེ,ང,ས
བཏེབས,藏文字符,བ,,ཏ,,,ེ,བ,ས
བཏེམས,藏文字符,བ,,ཏ,,,ེ,མ,ས
བཏོགས,藏文字符,བ,,ཏ,,,ོ,ག,ས
བཏོངས,藏文字符,བ,,ཏ,,,ོ,ང,ས
བཏོབས,藏文字符,བ,,ཏ,,,ོ,བ,ས
བཏོམས,藏文字符,བ,,ཏ,,,ོ,མ,ས
བདགས,藏文字符,བ,,ད,,,,ག,ས
བདངས,藏文字符,བ,,ད,,,,ང,ས
བདབས,藏文字符,བ,,ད,,,,བ,ས
བདམས,藏文字符,བ,,ད,,,,མ,ས
བདིགས,藏文字符,བ,,ད,,,ི,ག,ས
བདིངས,藏文字符,བ,,ད,,,ི,ང,ས
བདིབས,藏文字符,བ,,ད,,,ི,བ,ས
བདིམས,藏文字符,བ,,ད,,,ི,མ,ས
བདུགས,藏文字符,བ,,ད,,,ུ,ག,ས
བདུངས,藏文字符,བ,,ད,,,ུ,ང,ས
བདུབས,藏文字符,བ,,ད,,,ུ,བ,ས
བདུམས,藏文字符,བ,,ད,,,ུ,མ,ས
བདེགས,藏文字符,བ,,ད,,,ེ,ག,ས
བདེངས,藏文字符,བ,,ད,,,ེ,ང,ས
བདེབས,藏文字符,བ,,ད,,,ེ,བ,ས
བདེམས,藏文字符,བ,,ད,,,ེ,མ,ས
བདོགས,藏文字符,བ,,ད,,,ོ,ག,ས
བདོངས,藏文字符,བ,,ད,,,ོ,ང,ས
བདོབས,藏文字符,བ,,ད,,,ོ,བ,ས
བདོམས,藏文字符,བ,,ད,,,ོ,མ,ས
བཞགས,藏文字符,བ,,ཞ,,,,ག,ས
བཞངས,藏文字符,བ,,ཞ,,,,ང,ས
བཞབས,藏文字符,བ,,ཞ,,,,བ,ས
བཞམས,藏文字符,བ,,ཞ,,,,མ,ས
བཞིགས,藏文字符,བ,,ཞ,,,ི,ག,ས
བཞིངས,藏文字符,བ,,ཞ,,,ི,ང,ས
བཞིབས,藏文字符,བ,,ཞ,,,ི,བ,ས
བཞིམས,藏文字符,བ,,ཞ,,,ི,མ,ས
བཞུགས,藏文字符,བ,,ཞ,,,ུ,ག,ས
བཞུངས,藏文字符,བ,,ཞ,,,ུ,ང,ས
བཞུབས,藏文字符,བ,,ཞ,,,ུ,བ,ས
བཞུམས,藏文字符,བ,,ཞ,,,ུ,མ,ས
བཞེགས,藏文字符,བ,,ཞ,,,ེ,ག,ས
བཞེངས,藏文字符,བ,,ཞ,,,ེ,ང,ས
བཞེབས,藏文字符,བ,,ཞ,,,ེ,བ,ས
བཞེམས,藏文字符,བ,,ཞ,,,ེ,མ,ས
བཞོགས,藏文字符,བ,,ཞ,,,ོ,ག,ས
བཞོངས,藏文字符,བ,,ཞ,,,ོ,ང,ས
བཞོབས,藏文字符,བ,,ཞ,,,ོ,བ,ས
བཞོམས,藏文字符,བ,,ཞ,,,ོ,མ,ས
བཟགས,藏文字符,བ,,ཟ,,,,ག,ས
བཟངས,藏文字符,བ,,ཟ,,,,ང,ས
བཟབས,藏文字符,བ,,ཟ,,,,བ,ས
བཟམས,藏文字符,བ,,ཟ,,,,མ,ས
བཟིགས,藏文字符,བ,,ཟ,,,ི,ག,ས
བཟིངས,藏文字符,བ,,ཟ,,,ི,ང,ས
བཟིབས,藏文字符,བ,,ཟ,,,ི,བ,ས
བཟིམས,藏文字符,བ,,ཟ,,,ི,མ,ས
བཟུགས,藏文字符,བ,,ཟ,,,ུ,ག,ས
བཟུངས,藏文字符,བ,,ཟ,,,ུ,ང,ས
བཟུབས,藏文字符,བ,,ཟ,,,ུ,བ,ས
བཟུམས,藏文字符,བ,,ཟ,,,ུ,མ,ས
བཟེགས,藏文字符,བ,,ཟ,,,ེ,ག,ས
བཟེངས,藏文字符,བ,,ཟ,,,ེ,ང,ས
བཟེབས,藏文字符,བ,,ཟ,,,ེ,བ,ས
བཟེམས,藏文字符,བ,,ཟ,,,ེ,མ,ས
བཟོགས,藏文字符,བ,,ཟ,,,ོ,ག,ས
བཟོངས,藏文字符,བ,,ཟ,,,ོ,ང,ས
བཟོབས,藏文字符,བ,,ཟ,,,ོ,བ,ས
བཟོམས,藏文字符,བ,,ཟ,,,ོ,མ,ས
བཤགས,藏文字符,བ,,ཤ,,,,ག,ས
བཤངས,藏文字符,བ,,ཤ,,,,ང,ས
བཤབས,藏文字符,བ,,ཤ,,,,བ,ས
བཤམས,藏文字符,བ,,ཤ,,,,མ,ས
བཤིགས,藏文字符,བ,,ཤ,,,ི,ག,ས
བཤིངས,藏文字符,བ,,ཤ,,,ི,ང,ས
བཤིབས,藏文字符,བ,,ཤ,,,ི,བ,ས
བཤིམས,藏文字符,བ,,ཤ,,,ི,མ,ས
བཤུགས,藏文字符,བ,,ཤ,,,ུ,ག,ས
བཤུངས,藏文字符,བ,,ཤ,,,ུ,ང,ས
བཤུབས,藏文字符,བ,,ཤ,,,ུ,བ,ས
བཤུམས,藏文字符,བ,,ཤ,,,ུ,མ,ས
བཤེགས,藏文字符,བ,,ཤ,,,ེ,ག,ས
བཤེངས,藏文字符,བ,,ཤ,,,ེ,ང,ས
བཤེབས,藏文字符,བ,,ཤ,,,ེ,བ,ས
བཤེམས,藏文字符,བ,,ཤ,,,ེ,མ,ས
བཤོགས,藏文字符,བ,,ཤ,,,ོ,ག,ས
བཤོངས,藏文字符,བ,,ཤ,,,ོ,ང,ས
བཤོབས,藏文字符,བ,,ཤ,,,ོ,བ,ས
བཤོམས,藏文字符,བ,,ཤ,,,ོ,མ,ས
བསགས,藏文字符,བ,,ས,,,,ག,ས
བསངས,藏文字符,བ,,ས,,,,ང,ས
བསབས,藏文字符,བ,,ས,,,,བ,ས
བསམས,藏文字符,བ,,ས,,,,མ,ས
བསིགས,藏文字符,བ,,ས,,,ི,ག,ས
བསིངས,藏文字符,བ,,ས,,,ི,ང,ས
བསིབས,藏文字符,བ,,ས,,,ི,བ,ས
བསིམས,藏文字符,བ,,ས,,,ི,མ,ས
བསུགས,藏文字符,བ,,ས,,,ུ,ག,ས
བསུངས,藏文字符,བ,,ས,,,ུ,ང,ས
བསུབས,藏文字符,བ,,ས,,,ུ,བ,ས
བསུམས,藏文字符,བ,,ས,,,ུ,མ,ས
བསེགས,藏文字符,བ,,ས,,,ེ,ག,ས
བསེངས,藏文字符,བ,,ས,,,ེ,ང,ས
བསེབས,藏文字符,བ,,ས,,,ེ,བ,ས
བསེམས,藏文字符,བ,,ས,,,ེ,མ,ས
བསོགས,藏文字符,བ,,ས,,,ོ,ག,ས
བསོངས,藏文字符,བ,,ས,,,ོ,ང,ས
བསོབས,藏文字符,བ,,ས,,,ོ,བ,ས
བསོམས,藏文字符,བ,,ས,,,ོ,མ,ས
མཁགས,藏文字符,མ,,ཁ,,,,ག,ས
མཁངས,藏文字符,མ,,ཁ,,,,ང,ས
མཁབས,藏文字符,མ,,ཁ,,,,བ,ས
མཁམས,藏文字符,མ,,ཁ,,,,མ,ས
མཁིགས,藏文字符,མ,,ཁ,,,ི,ག,ས
མཁིངས,藏文字符,མ,,ཁ,,,ི,ང,ས
མཁིབས,藏文字符,མ,,ཁ,,,ི,བ,ས
མཁིམས,藏文字符,མ,,ཁ,,,ི,མ,ས
མཁུགས,藏文字符,མ,,ཁ,,,ུ,ག,ས
མཁུངས,藏文字符,མ,,ཁ,,,ུ,ང,ས
མཁུབས,藏文字符,མ,,ཁ,,,ུ,བ,ས
མཁུམས,藏文字符,མ,,ཁ,,,ུ,མ,ས
མཁེགས,藏文字符,མ,,ཁ,,,ེ,ག,ས
མཁེངས,藏文字符,མ,,ཁ,,,ེ,ང,ས
མཁེབས,藏文字符,མ,,ཁ,,,ེ,བ,ས
མཁེམས,藏文字符,མ,,ཁ,,,ེ,མ,ས
མཁོགས,藏文字符,མ,,ཁ,,,ོ,ག,ས
མཁོངས,藏文字符,མ,,ཁ,,,ོ,ང,ས
མཁོབས,藏文字符,མ,,ཁ,,,ོ,བ,ས
མཁོམས,藏文字符,མ,,ཁ,,,ོ,མ,ས
མགགས,藏文字符,མ,,ག,,,,ག,ས
མགངས,藏文字符,མ,,ག,,,,ང,ས
མགབས,藏文字符,མ,,ག,,,,བ,ས
མགམས,藏文字符,མ,,ག,,,,མ,ས
མགིགས,藏文字符,མ,,ག,,,ི,ག,ས
མགིངས,藏文字符,མ,,ག,,,ི,ང,ས
མགིབས,藏文字符,མ,,ག,,,ི,བ,ས
མགིམས,藏文字符,མ,,ག,,,ི,མ,ས
མགུགས,藏文字符,མ,,ག,,,ུ,ག,ས
མགུངས,藏文字符,མ,,ག,,,ུ,ང,ས
མགུབས,藏文字符,མ,,ག,,,ུ,བ,ས
མགུམས,藏文字符,མ,,ག,,,ུ,མ,ས
མགེགས,藏文字符,མ,,ག,,,ེ,ག,ས
མགེངས,藏文字符,མ,,ག,,,ེ,ང,ས
མགེབས,藏文字符,མ,,ག,,,ེ,བ,ས
མགེམས,藏文字符,མ,,ག,,,ེ,མ,ས
མགོགས,藏文字符,མ,,ག,,,ོ,ག,ས
མགོངས,藏文字符,མ,,ག,,,ོ,ང,ས
མགོབས,藏文字符,མ,,ག,,,ོ,བ,ས
མགོམས,藏文字符,མ,,ག,,,ོ,མ,ས
མངགས,藏文字符,མ,,ང,,,,ག,ས
མངངས,藏文字符,མ,,ང,,,,ང,ས
མངབས,藏文字符,མ,,ང,,,,བ,ས
མངམས,藏文字符,མ,,ང,,,,མ,ས
མངིགས,藏文字符,མ,,ང,,,ི,ག,ས
མངིངས,藏文字符,མ,,ང,,,ི,ང,ས
མངིབས,藏文字符,མ,,ང,,,ི,བ,ས
མངིམས,藏文字符,མ,,ང,,,ི,མ,ས
མངུགས,藏文字符,མ,,ང,,,ུ,ག,ས
མངུངས,藏文字符,མ,,ང,,,ུ,ང,ས
མངུབས,藏文字符,མ,,ང,,,ུ,བ,ས
མངུམས,藏文字符,མ,,ང,,,ུ,མ,ས
མངེགས,藏文字符,མ,,ང,,,ེ,ག,ས
མངེངས,藏文字符,མ,,ང,,,ེ,ང,ས
མངེབས,藏文字符,མ,,ང,,,ེ,བ,ས
མངེམས,藏文字符,མ,,ང,,,ེ,མ,ས
མངོགས,藏文字符,མ,,ང,,,ོ,ག,ས
མངོངས,藏文字符,མ,,ང,,,ོ,ང,ས
མངོབས,藏文字符,མ,,ང,,,ོ,བ,ས
མངོམས,藏文字符,མ,,ང,,,ོ,མ,ས
མཆགས,藏文字符,མ,,ཆ,,,,ག,ས
མཆངས,藏文字符,མ,,ཆ,,,,ང,ས
མཆབས,藏文字符,མ,,ཆ,,,,བ,ས
མཆམས,藏文字符,མ,,ཆ,,,,མ,ས
མཆིགས,藏文字符,མ,,ཆ,,,ི,ག,ས
མཆིངས,藏文字符,མ,,ཆ,,,ི,ང,ས
མཆིབས,藏文字符,མ,,ཆ,,,ི,བ,ས
མཆིམས,藏文字符,མ,,ཆ,,,ི,མ,ས
མཆུགས,藏文字符,མ,,ཆ,,,ུ,ག,ས
མཆུངས,藏文字符,མ,,ཆ,,,ུ,ང,ས
མཆུབས,藏文字符,མ,,ཆ,,,ུ,བ,ས
མཆུམས,藏文字符,མ,,ཆ,,,ུ,མ,ས
མཆེགས,藏文字符,མ,,ཆ,,,ེ,ག,ས
མཆེངས,藏文字符,མ,,ཆ,,,ེ,ང,ས
མཆེབས,藏文字符,མ,,ཆ,,,ེ,བ,ས
མཆེམས,藏文字符,མ,,ཆ,,,ེ,མ,ས
མཆོགས,藏文字符,མ,,ཆ,,,ོ,ག,ས
མཆོངས,藏文字符,མ,,ཆ,,,ོ,ང,ས
མཆོབས,藏文字符,མ,,ཆ,,,ོ,བ,ས
མཆོམས,藏文字符,མ,,ཆ,,,ོ,མ,ས
མཇགས,藏文字符,མ,,ཇ,,,,ག,ས
མཇངས,藏文字符,མ,,ཇ,,,,ང,ས
མཇབས,藏文字符,མ,,ཇ,,,,བ,ས
མཇམས,藏文字符,མ,,ཇ,,,,མ,ས
མཇིགས,藏文字符,མ,,ཇ,,,ི,ག,ས
མཇིངས,藏文字符,མ,,ཇ,,,ི,ང,ས
མཇིབས,藏文字符,མ,,ཇ,,,ི,བ,ས
མཇིམས,藏文字符,མ,,ཇ,,,ི,མ,ས
མཇུགས,藏文字符,མ,,ཇ,,,ུ,ག,ས
མཇུངས,藏文字符,མ,,ཇ,,,ུ,ང,ས
མཇུབས,藏文字符,མ,,ཇ,,,ུ,བ,ས
མཇུམས,藏文字符,མ,,ཇ,,,ུ,མ,ས
མཇེགས,藏文字符,མ,,ཇ,,,ེ,ག,ས
མཇེངས,藏文字符,མ,,ཇ,,,ེ,ང,ས
མཇེབས,藏文字符,མ,,ཇ,,,ེ,བ,ས
མཇེམས,藏文字符,མ,,ཇ,,,ེ,མ,ས
མཇོགས,藏文字符,མ,,ཇ,,,ོ,ག,ས
མཇོངས,藏文字符,མ,,ཇ,,,ོ,ང,ས
མཇོབས,藏文字符,མ,,ཇ,,,ོ,བ,ས
མཇོམས,藏文字符,མ,,ཇ,,,ོ,མ,ས
མཉགས,藏文字符,མ,,ཉ,,,,ག,ས
མཉངས,藏文字符,མ,,ཉ,,,,ང,ས
མཉབས,藏文字符,མ,,ཉ,,,,བ,ས
མཉམས,藏文字符,མ,,ཉ,,,,མ,ས
མཉིགས,藏文字符,མ,,ཉ,,,ི,ག,ས
མཉིངས,藏文字符,མ,,ཉ,,,ི,ང,ས
མཉིབས,藏文字符,མ,,ཉ,,,ི,བ,ས
མཉིམས,藏文字符,མ,,ཉ,,,ི,མ,ས
མཉུགས,藏文字符,མ,,ཉ,,,ུ,ག,ས
མཉུངས,藏文字符,མ,,ཉ,,,ུ,ང,ས
མཉུབས,藏文字符,མ,,ཉ,,,ུ,བ,ས
མཉུམས,藏文字符,མ,,ཉ,,,ུ,མ,ས
མཉེགས,藏文字符,མ,,ཉ,,,ེ,ག,ས
མཉེངས,藏文字符,མ,,ཉ,,,ེ,ང,ས
མཉེབས,藏文字符,མ,,ཉ,,,ེ,བ,ས
མཉེམས,藏文字符,མ,,ཉ,,,ེ,མ,ས
མཉོགས,藏文字符,མ,,ཉ,,,ོ,ག,ས
མཉོངས,藏文字符,མ,,ཉ,,,ོ,ང,ས
མཉོབས,藏文字符,མ,,ཉ,,,ོ,བ,ས
མཉོམས,藏文字符,མ,,ཉ,,,ོ,མ,ས
མཐགས,藏文字符,མ,,ཐ,,,,ག,ས
མཐངས,藏文字符,མ,,ཐ,,,,ང,ས
མཐབས,藏文字符,མ,,ཐ,,,,བ,ས
མཐམས,藏文字符,མ,,ཐ,,,,མ,ས
མཐིགས,藏文字符,མ,,ཐ,,,ི,ག,ས
མཐིངས,藏文字符,མ,,ཐ,,,ི,ང,ས
མཐིབས,藏文字符,མ,,ཐ,,,ི,བ,ས
མཐིམས,藏文字符,མ,,ཐ,,,ི,མ,ས
མཐུགས,藏文字符,མ,,ཐ,,,ུ,ག,ས
མཐུངས,藏文字符,མ,,ཐ,,,ུ,ང,ས
མཐུབས,藏文字符,མ,,ཐ,,,ུ,བ,ས
མཐུམས,藏文字符,མ,,ཐ,,,ུ,མ,ས
མཐེགས,藏文字符,མ,,ཐ,,,ེ,ག,ས
མཐེངས,藏文字符,མ,,ཐ,,,ེ,ང,ས
མཐེབས,藏文字符,མ,,ཐ,,,ེ,བ,ས
མཐེམས,藏文字符,མ,,ཐ,,,ེ,མ,ས
མཐོགས,藏文字符,མ,,ཐ,,,ོ,ག,ས
མཐོངས,藏文字符,མ,,ཐ,,,ོ,ང,ས
མཐོབས,藏文字符,མ,,ཐ,,,ོ,བ,ས
མཐོམས,藏文字符,མ,,ཐ,,,ོ,མ,ས
མདགས,藏文字符,མ,,ད,,,,ག,ས
མདངས,藏文字符,མ,,ད,,,,ང,ས
མདབས,藏文字符,མ,,ད,,,,བ,ས
མདམས,藏文字符,མ,,ད,,,,མ,ས
མདིགས,藏文字符,མ,,ད,,,ི,ག,ས
མདིངས,藏文字符,མ,,ད,,,ི,ང,ས
མདིབས,藏文字符,མ,,ད,,,ི,བ,ས
མདིམས,藏文字符,མ,,ད,,,ི,མ,ས
མདུགས,藏文字符,མ,,ད,,,ུ,ག,ས
མདུངས,藏文字符,མ,,ད,,,ུ,ང,ས
མདུབས,藏文字符,མ,,ད,,,ུ,བ,ས
མདུམས,藏文字符,མ,,ད,,,ུ,མ,ས
མདེགས,藏文字符,མ,,ད,,,ེ,ག,ས
མདེངས,藏文字符,མ,,ད,,,ེ,ང,ས
མདེབས,藏文字符,མ,,ད,,,ེ,བ,ས
མདེམས,藏文字符,མ,,ད,,,ེ,མ,ས
མདོགས,藏文字符,མ,,ད,,,ོ,ག,ས
མདོངས,藏文字符,མ,,ད,,,ོ,ང,ས
མདོབས,藏文字符,མ,,ད,,,ོ,བ,ས
མདོམས,藏文字符,མ,,ད,,,ོ,མ,ས
མནགས,藏文字符,མ,,ན,,,,ག,ས
མནངས,藏文字符,མ,,ན,,,,ང,ས
མནབས,藏文字符,མ,,ན,,,,བ,ས
མནམས,藏文字符,མ,,ན,,,,མ,ས
མནིགས,藏文字符,མ,,ན,,,ི,ག,ས
མནིངས,藏文字符,མ,,ན,,,ི,ང,ས
མནིབས,藏文字符,མ,,ན,,,ི,བ,ས
